{
    "up": {
        "stateName": "Uttar Pradesh",
        "stateCode": "S24",
        "mapsource": "assets/maps/UP.json",
        "scale": 2500,
        "center": [
            80.9462,
            27.2
        ],
        "stateIntro": "Uttar Pradesh is a state in northern India. With over 200 million inhabitants, it is the most populated state in India as well as the most populous country subdivision in the world.",
        "totalVoters": 1416235,
        "maleVoters": 1416235,
        "femaleVoters": 1416235,
        "thirdGender": 1416235,
        "voterTurnout": "65%",
        "allAlliances": {
            "2012": [
                "BJP",
                "Samajwadi Party (SP)"
            ],
            "2017": [
                "BJP + Apna Dal (Sonelal) + NISHAD Party",
                "Samajwadi Party (SP) + Rashtriya Lok Dal (RLD) + Suheldev Bharatiya Samaj Party (SBSP) + Mahan Dal + Janvadi Party (Socialist)"
            ],
            "2022": [
                "BJP + Apna Dal (Sonelal) + NISHAD Party",
                "Samajwadi Party (SP)"
            ]
        },
        "mapdata": [{"constNo":"1","constituency":"Behat","party2022":"","party2017":"INC","party2012":"BSP"},{"constNo":"2","constituency":"Nakur","party2022":"","party2017":"BJP","party2012":"BSP"},{"constNo":"3","constituency":"Saharanpur Nagar","party2022":"","party2017":"SP","party2012":"BJP"},{"constNo":"4","constituency":"Saharanpur","party2022":"","party2017":"INC","party2012":"BSP"},{"constNo":"5","constituency":"Deoband","party2022":"","party2017":"BJP","party2012":"SP"},{"constNo":"6","constituency":"Rampur Maniharan","party2022":"","party2017":"BJP","party2012":"BSP"},{"constNo":"7","constituency":"Gangoh","party2022":"","party2017":"BJP","party2012":"INC"},{"constNo":"8","constituency":"Kairana","party2022":"","party2017":"SP","party2012":"BJP"},{"constNo":"9","constituency":"Thana Bhawan","party2022":"","party2017":"BJP","party2012":"BJP"},{"constNo":"10","constituency":"Shamli","party2022":"","party2017":"BJP","party2012":"INC"},{"constNo":"11","constituency":"Budhana","party2022":"","party2017":"BJP","party2012":"SP"},{"constNo":"12","constituency":"Charthawal","party2022":"","party2017":"BJP","party2012":"BSP"},{"constNo":"13","constituency":"Purqazi","party2022":"","party2017":"BJP","party2012":"BSP"},{"constNo":"14","constituency":"Muzaffar Nagar","party2022":"","party2017":"BJP","party2012":"SP"},{"constNo":"15","constituency":"Khatauli","party2022":"","party2017":"BJP","party2012":"RLD"},{"constNo":"16","constituency":"Meerapur","party2022":"","party2017":"BJP","party2012":"BSP"},{"constNo":"17","constituency":"Najibabad","party2022":"","party2017":"SP","party2012":"BSP"},{"constNo":"18","constituency":"Nagina","party2022":"","party2017":"SP","party2012":"SP"},{"constNo":"19","constituency":"Barhapur","party2022":"","party2017":"BJP","party2012":"BSP"},{"constNo":"20","constituency":"Dhampur","party2022":"","party2017":"BJP","party2012":"SP"},{"constNo":"21","constituency":"Nehtaur","party2022":"","party2017":"BJP","party2012":"BSP"},{"constNo":"22","constituency":"Bijnor","party2022":"","party2017":"BJP","party2012":"BJP"},{"constNo":"23","constituency":"Chandpur","party2022":"","party2017":"BJP","party2012":"BSP"},{"constNo":"24","constituency":"Noorpur","party2022":"","party2017":"BJP","party2012":"BJP"},{"constNo":"25","constituency":"Kanth","party2022":"","party2017":"BJP","party2012":"PP"},{"constNo":"26","constituency":"Thakurdwara","party2022":"","party2017":"SP","party2012":"BJP"},{"constNo":"27","constituency":"Moradabad Rural","party2022":"","party2017":"SP","party2012":"SP"},{"constNo":"28","constituency":"Moradabad Nagar","party2022":"","party2017":"BJP","party2012":"SP"},{"constNo":"29","constituency":"Kundarki","party2022":"","party2017":"SP","party2012":"SP"},{"constNo":"30","constituency":"Bilari","party2022":"","party2017":"SP","party2012":"SP"},{"constNo":"31","constituency":"Chandausi","party2022":"","party2017":"BJP","party2012":"SP"},{"constNo":"32","constituency":"Asmoli","party2022":"","party2017":"SP","party2012":"SP"},{"constNo":"33","constituency":"Sambhal","party2022":"","party2017":"SP","party2012":"SP"},{"constNo":"34","constituency":"Suar","party2022":"","party2017":"SP","party2012":"INC"},{"constNo":"35","constituency":"Chamraua","party2022":"","party2017":"SP","party2012":"BSP"},{"constNo":"36","constituency":"Bilaspur","party2022":"","party2017":"BJP","party2012":"INC"},{"constNo":"37","constituency":"Rampur","party2022":"","party2017":"SP","party2012":"SP"},{"constNo":"38","constituency":"Milak","party2022":"","party2017":"BJP","party2012":"SP"},{"constNo":"39","constituency":"Dhanaura","party2022":"","party2017":"BJP","party2012":"SP"},{"constNo":"40","constituency":"Naugawan Sadat","party2022":"","party2017":"BJP","party2012":"SP"},{"constNo":"41","constituency":"Amroha","party2022":"","party2017":"SP","party2012":"SP"},{"constNo":"42","constituency":"Hasanpur","party2022":"","party2017":"BJP","party2012":"SP"},{"constNo":"43","constituency":"Siwalkhas","party2022":"","party2017":"BJP","party2012":"SP"},{"constNo":"44","constituency":"Sardhana","party2022":"","party2017":"BJP","party2012":"BJP"},{"constNo":"45","constituency":"Hastinapur","party2022":"","party2017":"BJP","party2012":"SP"},{"constNo":"46","constituency":"Kithore","party2022":"","party2017":"BJP","party2012":"SP"},{"constNo":"47","constituency":"Meerut Cantt","party2022":"","party2017":"BJP","party2012":"BJP"},{"constNo":"48","constituency":"Meerut","party2022":"","party2017":"SP","party2012":"BJP"},{"constNo":"49","constituency":"Meerut South","party2022":"","party2017":"BJP","party2012":"BJP"},{"constNo":"50","constituency":"Chhaprauli","party2022":"","party2017":"RLD","party2012":"RLD"},{"constNo":"51","constituency":"Baraut","party2022":"","party2017":"BJP","party2012":"BSP"},{"constNo":"52","constituency":"Baghpat","party2022":"","party2017":"BJP","party2012":"BSP"},{"constNo":"53","constituency":"Loni","party2022":"","party2017":"BJP","party2012":"BSP"},{"constNo":"54","constituency":"Muradnagar","party2022":"","party2017":"BJP","party2012":"BSP"},{"constNo":"55","constituency":"Sahibabad","party2022":"","party2017":"BJP","party2012":"BSP"},{"constNo":"56","constituency":"Ghaziabad","party2022":"","party2017":"BJP","party2012":"BSP"},{"constNo":"57","constituency":"Modi Nagar","party2022":"","party2017":"BJP","party2012":"RLD"},{"constNo":"58","constituency":"Dholana","party2022":"","party2017":"BSP","party2012":"SP"},{"constNo":"59","constituency":"Hapur","party2022":"","party2017":"BJP","party2012":"INC"},{"constNo":"60","constituency":"Garhmukteshwar","party2022":"","party2017":"BJP","party2012":"SP"},{"constNo":"61","constituency":"Noida","party2022":"","party2017":"BJP","party2012":"BJP"},{"constNo":"62","constituency":"Dadri","party2022":"","party2017":"BJP","party2012":"BSP"},{"constNo":"63","constituency":"Jewar","party2022":"","party2017":"BJP","party2012":"BSP"},{"constNo":"64","constituency":"Sikandrabad","party2022":"","party2017":"BJP","party2012":"BJP"},{"constNo":"65","constituency":"Bulandshahr","party2022":"","party2017":"BJP","party2012":"BSP"},{"constNo":"66","constituency":"Syana","party2022":"","party2017":"BJP","party2012":"INC"},{"constNo":"67","constituency":"Anupshahr","party2022":"","party2017":"BJP","party2012":"BSP"},{"constNo":"68","constituency":"Debai","party2022":"","party2017":"BJP","party2012":"SP"},{"constNo":"69","constituency":"Shikarpur","party2022":"","party2017":"BJP","party2012":"SP"},{"constNo":"70","constituency":"Khurja","party2022":"","party2017":"BJP","party2012":"INC"},{"constNo":"71","constituency":"Khair","party2022":"","party2017":"BJP","party2012":"RLD"},{"constNo":"72","constituency":"Barauli","party2022":"","party2017":"BJP","party2012":"RLD"},{"constNo":"73","constituency":"Atrauli","party2022":"","party2017":"BJP","party2012":"SP"},{"constNo":"74","constituency":"Chharra","party2022":"","party2017":"BJP","party2012":"SP"},{"constNo":"75","constituency":"Koil","party2022":"","party2017":"BJP","party2012":"SP"},{"constNo":"76","constituency":"Aligarh","party2022":"","party2017":"BJP","party2012":"SP"},{"constNo":"77","constituency":"Iglas","party2022":"","party2017":"BJP","party2012":"RLD"},{"constNo":"78","constituency":"Hathras","party2022":"","party2017":"BJP","party2012":"BSP"},{"constNo":"79","constituency":"Sadabad","party2022":"","party2017":"BSP","party2012":"SP"},{"constNo":"80","constituency":"Sikandra Rao","party2022":"","party2017":"BJP","party2012":"BSP"},{"constNo":"81","constituency":"Chhata","party2022":"","party2017":"BJP","party2012":"RLD"},{"constNo":"82","constituency":"Mant","party2022":"","party2017":"BSP","party2012":"RLD"},{"constNo":"83","constituency":"Goverdhan","party2022":"","party2017":"BJP","party2012":"BSP"},{"constNo":"84","constituency":"Mathura","party2022":"","party2017":"BJP","party2012":"INC"},{"constNo":"85","constituency":"Baldev","party2022":"","party2017":"BJP","party2012":"RLD"},{"constNo":"86","constituency":"Etmadpur","party2022":"","party2017":"BJP","party2012":"BSP"},{"constNo":"87","constituency":"Agra Cantt","party2022":"","party2017":"BJP","party2012":"BSP"},{"constNo":"88","constituency":"Agra South","party2022":"","party2017":"BJP","party2012":"BJP"},{"constNo":"89","constituency":"Agra North","party2022":"","party2017":"BJP","party2012":"BJP"},{"constNo":"90","constituency":"Agra Rural","party2022":"","party2017":"BJP","party2012":"BSP"},{"constNo":"91","constituency":"Fatehpur Sikri","party2022":"","party2017":"BJP","party2012":"BSP"},{"constNo":"92","constituency":"Kheragarh","party2022":"","party2017":"BJP","party2012":"BSP"},{"constNo":"93","constituency":"Fatehabad","party2022":"","party2017":"BJP","party2012":"BSP"},{"constNo":"94","constituency":"Bah","party2022":"","party2017":"BJP","party2012":"SP"},{"constNo":"95","constituency":"Tundla","party2022":"","party2017":"BJP","party2012":"BSP"},{"constNo":"96","constituency":"Jasrana","party2022":"","party2017":"BJP","party2012":"SP"},{"constNo":"97","constituency":"Firozabad","party2022":"","party2017":"BJP","party2012":"BJP"},{"constNo":"98","constituency":"Shikohabad","party2022":"","party2017":"BJP","party2012":"SP"},{"constNo":"99","constituency":"Sirsaganj","party2022":"","party2017":"SP","party2012":"SP"},{"constNo":"100","constituency":"Kasganj","party2022":"","party2017":"BJP","party2012":"SP"},{"constNo":"101","constituency":"Amanpur","party2022":"","party2017":"BJP","party2012":"BSP"},{"constNo":"102","constituency":"Patiyali","party2022":"","party2017":"BJP","party2012":"SP"},{"constNo":"103","constituency":"Aliganj","party2022":"","party2017":"BJP","party2012":"SP"},{"constNo":"104","constituency":"Etah","party2022":"","party2017":"BJP","party2012":"SP"},{"constNo":"105","constituency":"Marhara","party2022":"","party2017":"BJP","party2012":"SP"},{"constNo":"106","constituency":"Jalesar","party2022":"","party2017":"BJP","party2012":"SP"},{"constNo":"107","constituency":"Mainpuri","party2022":"","party2017":"SP","party2012":"SP"},{"constNo":"108","constituency":"Bhongaon","party2022":"","party2017":"BJP","party2012":"SP"},{"constNo":"109","constituency":"Kishani","party2022":"","party2017":"SP","party2012":"SP"},{"constNo":"110","constituency":"Karhal","party2022":"","party2017":"SP","party2012":"SP"},{"constNo":"111","constituency":"Gunnaur","party2022":"","party2017":"BJP","party2012":"SP"},{"constNo":"112","constituency":"Bisauli","party2022":"","party2017":"BJP","party2012":"SP"},{"constNo":"113","constituency":"Sahaswan","party2022":"","party2017":"SP","party2012":"SP"},{"constNo":"114","constituency":"Bilsi","party2022":"","party2017":"BJP","party2012":"BSP"},{"constNo":"115","constituency":"Badaun","party2022":"","party2017":"BJP","party2012":"SP"},{"constNo":"116","constituency":"Shekhupur","party2022":"","party2017":"BJP","party2012":"SP"},{"constNo":"117","constituency":"Dataganj","party2022":"","party2017":"BJP","party2012":"BSP"},{"constNo":"118","constituency":"Baheri","party2022":"","party2017":"BJP","party2012":"SP"},{"constNo":"119","constituency":"Meerganj","party2022":"","party2017":"BJP","party2012":"BSP"},{"constNo":"120","constituency":"Bhojipura","party2022":"","party2017":"BJP","party2012":"IEMC"},{"constNo":"121","constituency":"Nawabganj","party2022":"","party2017":"BJP","party2012":"SP"},{"constNo":"122","constituency":"Faridpur","party2022":"","party2017":"BJP","party2012":"SP"},{"constNo":"123","constituency":"Bithari Chainpur","party2022":"","party2017":"BJP","party2012":"BSP"},{"constNo":"124","constituency":"Bareilly","party2022":"","party2017":"BJP","party2012":"BJP"},{"constNo":"125","constituency":"Bareilly Cantt","party2022":"","party2017":"BJP","party2012":"BJP"},{"constNo":"126","constituency":"Aonla","party2022":"","party2017":"BJP","party2012":"BJP"},{"constNo":"127","constituency":"Pilibhit","party2022":"","party2017":"BJP","party2012":"SP"},{"constNo":"128","constituency":"Barkhera","party2022":"","party2017":"BJP","party2012":"SP"},{"constNo":"129","constituency":"Puranpur","party2022":"","party2017":"BJP","party2012":"SP"},{"constNo":"130","constituency":"Bisalpur","party2022":"","party2017":"BJP","party2012":"BJP"},{"constNo":"131","constituency":"Katra","party2022":"","party2017":"BJP","party2012":"SP"},{"constNo":"132","constituency":"Jalalabad","party2022":"","party2017":"SP","party2012":"BSP"},{"constNo":"133","constituency":"Tilhar","party2022":"","party2017":"BJP","party2012":"BSP"},{"constNo":"134","constituency":"Powayan","party2022":"","party2017":"BJP","party2012":"SP"},{"constNo":"135","constituency":"Shahjahanpur","party2022":"","party2017":"BJP","party2012":"BJP"},{"constNo":"136","constituency":"Dadraul","party2022":"","party2017":"BJP","party2012":"SP"},{"constNo":"137","constituency":"Palia","party2022":"","party2017":"BJP","party2012":"BSP"},{"constNo":"138","constituency":"Nighasan","party2022":"","party2017":"BJP","party2012":"BJP"},{"constNo":"139","constituency":"Gola Gokrannath","party2022":"","party2017":"BJP","party2012":"SP"},{"constNo":"140","constituency":"Sri Nagar","party2022":"","party2017":"BJP","party2012":"SP"},{"constNo":"141","constituency":"Dhaurahra","party2022":"","party2017":"BJP","party2012":"BSP"},{"constNo":"142","constituency":"Lakhimpur","party2022":"","party2017":"BJP","party2012":"SP"},{"constNo":"143","constituency":"Kasta","party2022":"","party2017":"BJP","party2012":"SP"},{"constNo":"144","constituency":"Mohammdi","party2022":"","party2017":"BJP","party2012":"BSP"},{"constNo":"145","constituency":"Maholi","party2022":"","party2017":"BJP","party2012":"SP"},{"constNo":"146","constituency":"Sitapur","party2022":"","party2017":"BJP","party2012":"SP"},{"constNo":"147","constituency":"Hargaon","party2022":"","party2017":"BJP","party2012":"BSP"},{"constNo":"148","constituency":"Laharpur","party2022":"","party2017":"BJP","party2012":"BSP"},{"constNo":"149","constituency":"Biswan","party2022":"","party2017":"BJP","party2012":"SP"},{"constNo":"150","constituency":"Sevata","party2022":"","party2017":"BJP","party2012":"SP"},{"constNo":"151","constituency":"Mahmoodabad","party2022":"","party2017":"SP","party2012":"SP"},{"constNo":"152","constituency":"Sidhauli","party2022":"","party2017":"BSP","party2012":"SP"},{"constNo":"153","constituency":"Misrikh","party2022":"","party2017":"BJP","party2012":"SP"},{"constNo":"154","constituency":"Sawaijpur","party2022":"","party2017":"BJP","party2012":"BSP"},{"constNo":"155","constituency":"Shahabad","party2022":"","party2017":"BJP","party2012":"SP"},{"constNo":"156","constituency":"Hardoi","party2022":"","party2017":"SP","party2012":"SP"},{"constNo":"157","constituency":"Gopamau","party2022":"","party2017":"BJP","party2012":"SP"},{"constNo":"158","constituency":"Sandi","party2022":"","party2017":"BJP","party2012":"SP"},{"constNo":"159","constituency":"Bilgram-Mallanwan","party2022":"","party2017":"BJP","party2012":"BSP"},{"constNo":"160","constituency":"Balamau","party2022":"","party2017":"BJP","party2012":"SP"},{"constNo":"161","constituency":"Sandila","party2022":"","party2017":"BJP","party2012":"SP"},{"constNo":"162","constituency":"Bangermau","party2022":"","party2017":"BJP","party2012":"SP"},{"constNo":"163","constituency":"Safipur","party2022":"","party2017":"BJP","party2012":"SP"},{"constNo":"164","constituency":"Mohan","party2022":"","party2017":"BJP","party2012":"BSP"},{"constNo":"165","constituency":"Unnao","party2022":"","party2017":"BJP","party2012":"SP"},{"constNo":"166","constituency":"Bhagwantnagar","party2022":"","party2017":"BJP","party2012":"SP"},{"constNo":"167","constituency":"Purwa","party2022":"","party2017":"BSP","party2012":"SP"},{"constNo":"168","constituency":"Malihabad","party2022":"","party2017":"BJP","party2012":"SP"},{"constNo":"169","constituency":"Bakshi Kaa Talab","party2022":"","party2017":"BJP","party2012":"SP"},{"constNo":"170","constituency":"Sarojini Nagar","party2022":"","party2017":"BJP","party2012":"SP"},{"constNo":"171","constituency":"Lucknow West","party2022":"","party2017":"BJP","party2012":"SP"},{"constNo":"172","constituency":"Lucknow North","party2022":"","party2017":"BJP","party2012":"SP"},{"constNo":"173","constituency":"Lucknow East","party2022":"","party2017":"BJP","party2012":"BJP"},{"constNo":"174","constituency":"Lucknow Central","party2022":"","party2017":"BJP","party2012":"SP"},{"constNo":"175","constituency":"Lucknow Cantt","party2022":"","party2017":"BJP","party2012":"INC"},{"constNo":"176","constituency":"Mohanlalganj","party2022":"","party2017":"SP","party2012":"SP"},{"constNo":"177","constituency":"Bachhrawan","party2022":"","party2017":"BJP","party2012":"SP"},{"constNo":"178","constituency":"Tiloi","party2022":"","party2017":"BJP","party2012":"INC"},{"constNo":"179","constituency":"Harchandpur","party2022":"","party2017":"INC","party2012":"SP"},{"constNo":"180","constituency":"Rae Bareli","party2022":"","party2017":"INC","party2012":"PP"},{"constNo":"181","constituency":"Salon","party2022":"","party2017":"BJP","party2012":"SP"},{"constNo":"182","constituency":"Sareni","party2022":"","party2017":"BJP","party2012":"SP"},{"constNo":"183","constituency":"Unchahar","party2022":"","party2017":"SP","party2012":"SP"},{"constNo":"184","constituency":"Jagdishpur","party2022":"","party2017":"BJP","party2012":"INC"},{"constNo":"185","constituency":"Gauriganj","party2022":"","party2017":"SP","party2012":"SP"},{"constNo":"186","constituency":"Amethi","party2022":"","party2017":"BJP","party2012":"SP"},{"constNo":"187","constituency":"Isauli","party2022":"","party2017":"SP","party2012":"SP"},{"constNo":"188","constituency":"Sultanpur","party2022":"","party2017":"BJP","party2012":"SP"},{"constNo":"189","constituency":"Sadar","party2022":"","party2017":"BJP","party2012":"SP"},{"constNo":"190","constituency":"Lambhua","party2022":"","party2017":"BJP","party2012":"SP"},{"constNo":"191","constituency":"Kadipur","party2022":"","party2017":"BJP","party2012":"SP"},{"constNo":"192","constituency":"Kaimganj","party2022":"","party2017":"BJP","party2012":"SP"},{"constNo":"193","constituency":"Amritpur","party2022":"","party2017":"BJP","party2012":"SP"},{"constNo":"194","constituency":"Farrukhabad","party2022":"","party2017":"BJP","party2012":"IND"},{"constNo":"195","constituency":"Bhojpur","party2022":"","party2017":"BJP","party2012":"SP"},{"constNo":"196","constituency":"Chhibramau","party2022":"","party2017":"BJP","party2012":"SP"},{"constNo":"197","constituency":"Tirwa","party2022":"","party2017":"BJP","party2012":"SP"},{"constNo":"198","constituency":"Kannauj","party2022":"","party2017":"SP","party2012":"SP"},{"constNo":"199","constituency":"Jaswantnagar","party2022":"","party2017":"SP","party2012":"SP"},{"constNo":"200","constituency":"Etawah","party2022":"","party2017":"BJP","party2012":"SP"},{"constNo":"201","constituency":"Bharthana","party2022":"","party2017":"BJP","party2012":"SP"},{"constNo":"202","constituency":"Bidhuna","party2022":"","party2017":"BJP","party2012":"SP"},{"constNo":"203","constituency":"Dibiyapur","party2022":"","party2017":"BJP","party2012":"SP"},{"constNo":"204","constituency":"Auraiya","party2022":"","party2017":"BJP","party2012":"SP"},{"constNo":"205","constituency":"Rasulabad","party2022":"","party2017":"BJP","party2012":"SP"},{"constNo":"206","constituency":"Akbarpur - Raniya","party2022":"","party2017":"BJP","party2012":"SP"},{"constNo":"207","constituency":"Sikandra","party2022":"","party2017":"BJP","party2012":"BSP"},{"constNo":"208","constituency":"Bhognipur","party2022":"","party2017":"BJP","party2012":"SP"},{"constNo":"209","constituency":"Bilhaur","party2022":"","party2017":"BJP","party2012":"SP"},{"constNo":"210","constituency":"Bithoor","party2022":"","party2017":"BJP","party2012":"SP"},{"constNo":"211","constituency":"Kalyanpur","party2022":"","party2017":"BJP","party2012":"SP"},{"constNo":"212","constituency":"Govindnagar","party2022":"","party2017":"BJP","party2012":"BJP"},{"constNo":"213","constituency":"Sishamau","party2022":"","party2017":"SP","party2012":"SP"},{"constNo":"214","constituency":"Arya Nagar","party2022":"","party2017":"SP","party2012":"BJP"},{"constNo":"215","constituency":"Kidwai Nagar","party2022":"","party2017":"BJP","party2012":"INC"},{"constNo":"216","constituency":"Kanpur Cantt","party2022":"","party2017":"INC","party2012":"BJP"},{"constNo":"217","constituency":"Maharajpur","party2022":"","party2017":"BJP","party2012":"BJP"},{"constNo":"218","constituency":"Ghatampur","party2022":"","party2017":"BJP","party2012":"SP"},{"constNo":"219","constituency":"Madhaugarh","party2022":"","party2017":"BJP","party2012":"BSP"},{"constNo":"220","constituency":"Kalpi","party2022":"","party2017":"BJP","party2012":"INC"},{"constNo":"221","constituency":"Orai","party2022":"","party2017":"BJP","party2012":"SP"},{"constNo":"222","constituency":"Babina","party2022":"","party2017":"BJP","party2012":"BSP"},{"constNo":"223","constituency":"Jhansi Nagar","party2022":"","party2017":"BJP","party2012":"BJP"},{"constNo":"224","constituency":"Mauranipur","party2022":"","party2017":"BJP","party2012":"SP"},{"constNo":"225","constituency":"Garautha","party2022":"","party2017":"BJP","party2012":"SP"},{"constNo":"226","constituency":"Lalitpur","party2022":"","party2017":"BJP","party2012":"BSP"},{"constNo":"227","constituency":"Mehroni","party2022":"","party2017":"BJP","party2012":"BSP"},{"constNo":"228","constituency":"Hamirpur","party2022":"","party2017":"BJP","party2012":"BJP"},{"constNo":"229","constituency":"Rath","party2022":"","party2017":"BJP","party2012":"INC"},{"constNo":"230","constituency":"Mahoba","party2022":"","party2017":"BJP","party2012":"BSP"},{"constNo":"231","constituency":"Charkhari","party2022":"","party2017":"BJP","party2012":"BJP"},{"constNo":"232","constituency":"Tindwari","party2022":"","party2017":"BJP","party2012":"INC"},{"constNo":"233","constituency":"Baberu","party2022":"","party2017":"BJP","party2012":"SP"},{"constNo":"234","constituency":"Naraini","party2022":"","party2017":"BJP","party2012":"BSP"},{"constNo":"235","constituency":"Banda","party2022":"","party2017":"BJP","party2012":"INC"},{"constNo":"236","constituency":"Chitrakoot","party2022":"","party2017":"BJP","party2012":"SP"},{"constNo":"237","constituency":"Manikpur","party2022":"","party2017":"BJP","party2012":"BSP"},{"constNo":"238","constituency":"Jahanabad","party2022":"","party2017":"ADAL","party2012":"SP"},{"constNo":"239","constituency":"Bindki","party2022":"","party2017":"BJP","party2012":"BSP"},{"constNo":"240","constituency":"Fatehpur","party2022":"","party2017":"BJP","party2012":"SP"},{"constNo":"241","constituency":"Ayah Shah","party2022":"","party2017":"BJP","party2012":"BSP"},{"constNo":"242","constituency":"Husainganj","party2022":"","party2017":"BJP","party2012":"BSP"},{"constNo":"243","constituency":"Khaga","party2022":"","party2017":"BJP","party2012":"BJP"},{"constNo":"244","constituency":"Rampur Khas","party2022":"","party2017":"INC","party2012":"INC"},{"constNo":"245","constituency":"Babaganj","party2022":"","party2017":"IND","party2012":"IND"},{"constNo":"246","constituency":"Kunda","party2022":"","party2017":"IND","party2012":"IND"},{"constNo":"247","constituency":"Bishwavnathganj","party2022":"","party2017":"ADAL","party2012":"SP"},{"constNo":"248","constituency":"Pratapgarh","party2022":"","party2017":"ADAL","party2012":"SP"},{"constNo":"249","constituency":"Patti","party2022":"","party2017":"BJP","party2012":"SP"},{"constNo":"250","constituency":"Raniganj","party2022":"","party2017":"BJP","party2012":"SP"},{"constNo":"251","constituency":"Sirathu","party2022":"","party2017":"BJP","party2012":"BJP"},{"constNo":"252","constituency":"Manjhanpur","party2022":"","party2017":"BJP","party2012":"BSP"},{"constNo":"253","constituency":"Chail","party2022":"","party2017":"BJP","party2012":"BSP"},{"constNo":"254","constituency":"Phaphamau","party2022":"","party2017":"BJP","party2012":"SP"},{"constNo":"255","constituency":"Soraon","party2022":"","party2017":"ADAL","party2012":"SP"},{"constNo":"256","constituency":"Phulpur","party2022":"","party2017":"BJP","party2012":"SP"},{"constNo":"257","constituency":"Pratappur","party2022":"","party2017":"BSP","party2012":"SP"},{"constNo":"258","constituency":"Handia","party2022":"","party2017":"BSP","party2012":"SP"},{"constNo":"259","constituency":"Meja","party2022":"","party2017":"BJP","party2012":"SP"},{"constNo":"260","constituency":"Karachhana","party2022":"","party2017":"SP","party2012":"BSP"},{"constNo":"261","constituency":"Allahabad West","party2022":"","party2017":"BJP","party2012":"BSP"},{"constNo":"262","constituency":"Allahabad North","party2022":"","party2017":"BJP","party2012":"INC"},{"constNo":"263","constituency":"Allahabad South","party2022":"","party2017":"BJP","party2012":"SP"},{"constNo":"264","constituency":"Bara","party2022":"","party2017":"BJP","party2012":"SP"},{"constNo":"265","constituency":"Koraon","party2022":"","party2017":"BJP","party2012":"BSP"},{"constNo":"266","constituency":"Kursi","party2022":"","party2017":"BJP","party2012":"SP"},{"constNo":"267","constituency":"Ram Nagar","party2022":"","party2017":"BJP","party2012":"SP"},{"constNo":"268","constituency":"Barabanki","party2022":"","party2017":"SP","party2012":"SP"},{"constNo":"269","constituency":"Zaidpur","party2022":"","party2017":"BJP","party2012":"SP"},{"constNo":"270","constituency":"Dariyabad","party2022":"","party2017":"BJP","party2012":"SP"},{"constNo":"271","constituency":"Rudauli","party2022":"","party2017":"BJP","party2012":"BJP"},{"constNo":"272","constituency":"Haidergarh","party2022":"","party2017":"BJP","party2012":"SP"},{"constNo":"273","constituency":"Milkipur","party2022":"","party2017":"BJP","party2012":"SP"},{"constNo":"274","constituency":"Bikapur","party2022":"","party2017":"BJP","party2012":"SP"},{"constNo":"275","constituency":"Ayodhya","party2022":"","party2017":"BJP","party2012":"SP"},{"constNo":"276","constituency":"Goshainganj","party2022":"","party2017":"BJP","party2012":"SP"},{"constNo":"277","constituency":"Katehari","party2022":"","party2017":"BSP","party2012":"SP"},{"constNo":"278","constituency":"Tanda","party2022":"","party2017":"BJP","party2012":"SP"},{"constNo":"279","constituency":"Alapur","party2022":"","party2017":"BJP","party2012":"SP"},{"constNo":"280","constituency":"Jalalpur","party2022":"","party2017":"BSP","party2012":"SP"},{"constNo":"281","constituency":"Akbarpur","party2022":"","party2017":"BSP","party2012":"SP"},{"constNo":"282","constituency":"Balha","party2022":"","party2017":"BJP","party2012":"BJP"},{"constNo":"283","constituency":"Nanpara","party2022":"","party2017":"BJP","party2012":"INC"},{"constNo":"284","constituency":"Matera","party2022":"","party2017":"SP","party2012":"SP"},{"constNo":"285","constituency":"Mahasi","party2022":"","party2017":"BJP","party2012":"BSP"},{"constNo":"286","constituency":"Bahraich","party2022":"","party2017":"BJP","party2012":"SP"},{"constNo":"287","constituency":"Payagpur","party2022":"","party2017":"BJP","party2012":"INC"},{"constNo":"288","constituency":"Kaiserganj","party2022":"","party2017":"BJP","party2012":"BJP"},{"constNo":"289","constituency":"Bhinga","party2022":"","party2017":"BSP","party2012":"SP"},{"constNo":"290","constituency":"Shrawasti","party2022":"","party2017":"BJP","party2012":"SP"},{"constNo":"291","constituency":"Tulsipur","party2022":"","party2017":"BJP","party2012":"SP"},{"constNo":"292","constituency":"Gainsari","party2022":"","party2017":"BJP","party2012":"SP"},{"constNo":"293","constituency":"Utraula","party2022":"","party2017":"BJP","party2012":"SP"},{"constNo":"294","constituency":"Balrampur","party2022":"","party2017":"BJP","party2012":"SP"},{"constNo":"295","constituency":"Mehnaun","party2022":"","party2017":"BJP","party2012":"SP"},{"constNo":"296","constituency":"Gonda","party2022":"","party2017":"BJP","party2012":"SP"},{"constNo":"297","constituency":"Katra Bazar","party2022":"","party2017":"BJP","party2012":"BJP"},{"constNo":"298","constituency":"Colonelganj","party2022":"","party2017":"BJP","party2012":"SP"},{"constNo":"299","constituency":"Tarabganj","party2022":"","party2017":"BJP","party2012":"SP"},{"constNo":"300","constituency":"Mankapur","party2022":"","party2017":"BJP","party2012":"SP"},{"constNo":"301","constituency":"Gaura","party2022":"","party2017":"BJP","party2012":"SP"},{"constNo":"302","constituency":"Shohratgarh","party2022":"","party2017":"ADAL","party2012":"SP"},{"constNo":"303","constituency":"Kapilvastu","party2022":"","party2017":"BJP","party2012":"SP"},{"constNo":"304","constituency":"Bansi","party2022":"","party2017":"BJP","party2012":"BJP"},{"constNo":"305","constituency":"Itwa","party2022":"","party2017":"BJP","party2012":"SP"},{"constNo":"306","constituency":"Doomariyaganj","party2022":"","party2017":"BJP","party2012":"PP"},{"constNo":"307","constituency":"Harraiya","party2022":"","party2017":"BJP","party2012":"SP"},{"constNo":"308","constituency":"Kaptanganj","party2022":"","party2017":"BJP","party2012":"BSP"},{"constNo":"309","constituency":"Rudhauli","party2022":"","party2017":"BJP","party2012":"INC"},{"constNo":"310","constituency":"Basti Sadar","party2022":"","party2017":"BJP","party2012":"BSP"},{"constNo":"311","constituency":"Mahadewa","party2022":"","party2017":"BJP","party2012":"SP"},{"constNo":"312","constituency":"Menhdawal","party2022":"","party2017":"BJP","party2012":"SP"},{"constNo":"313","constituency":"Khalilabad","party2022":"","party2017":"BJP","party2012":"PP"},{"constNo":"314","constituency":"Dhanghata","party2022":"","party2017":"BJP","party2012":"SP"},{"constNo":"315","constituency":"Pharenda","party2022":"","party2017":"BJP","party2012":"BJP"},{"constNo":"316","constituency":"Nautanwa","party2022":"","party2017":"IND","party2012":"INC"},{"constNo":"317","constituency":"Siswa","party2022":"","party2017":"BJP","party2012":"SP"},{"constNo":"318","constituency":"Maharajganj","party2022":"","party2017":"BJP","party2012":"SP"},{"constNo":"319","constituency":"Paniyara","party2022":"","party2017":"BJP","party2012":"BSP"},{"constNo":"320","constituency":"Caimpiyarganj","party2022":"","party2017":"BJP","party2012":"NCP"},{"constNo":"321","constituency":"Pipraich","party2022":"","party2017":"BJP","party2012":"SP"},{"constNo":"322","constituency":"Gorakhpur Urban","party2022":"","party2017":"BJP","party2012":"BJP"},{"constNo":"323","constituency":"Gorakhpur Rural","party2022":"","party2017":"BJP","party2012":"BJP"},{"constNo":"324","constituency":"Sahajanwa","party2022":"","party2017":"BJP","party2012":"BSP"},{"constNo":"325","constituency":"Khajani","party2022":"","party2017":"BJP","party2012":"BJP"},{"constNo":"326","constituency":"Chauri-Chaura","party2022":"","party2017":"BJP","party2012":"BSP"},{"constNo":"327","constituency":"Bansgaon","party2022":"","party2017":"BJP","party2012":"BSP"},{"constNo":"328","constituency":"Chillupar","party2022":"","party2017":"BSP","party2012":"BSP"},{"constNo":"329","constituency":"Khadda","party2022":"","party2017":"BJP","party2012":"INC"},{"constNo":"330","constituency":"Padrauna","party2022":"","party2017":"BJP","party2012":"BSP"},{"constNo":"331","constituency":"Tamkuhi Raj","party2022":"","party2017":"INC","party2012":"INC"},{"constNo":"332","constituency":"Fazilnagar","party2022":"","party2017":"BJP","party2012":"BJP"},{"constNo":"333","constituency":"Kushinagar","party2022":"","party2017":"BJP","party2012":"SP"},{"constNo":"334","constituency":"Hata","party2022":"","party2017":"BJP","party2012":"SP"},{"constNo":"335","constituency":"Ramkola","party2022":"","party2017":"SBSP","party2012":"SP"},{"constNo":"336","constituency":"Rudrapur","party2022":"","party2017":"BJP","party2012":"INC"},{"constNo":"337","constituency":"Deoria","party2022":"","party2017":"BJP","party2012":"BJP"},{"constNo":"338","constituency":"Pathardeva","party2022":"","party2017":"BJP","party2012":"SP"},{"constNo":"339","constituency":"Rampur Karkhana","party2022":"","party2017":"BJP","party2012":"SP"},{"constNo":"340","constituency":"Bhatpar Rani","party2022":"","party2017":"SP","party2012":"SP"},{"constNo":"341","constituency":"Salempur","party2022":"","party2017":"BJP","party2012":"SP"},{"constNo":"342","constituency":"Barhaj","party2022":"","party2017":"BJP","party2012":"SP"},{"constNo":"343","constituency":"Atrauliya","party2022":"","party2017":"SP","party2012":"SP"},{"constNo":"344","constituency":"Gopalpur","party2022":"","party2017":"SP","party2012":"SP"},{"constNo":"345","constituency":"Sagri","party2022":"","party2017":"BSP","party2012":"SP"},{"constNo":"346","constituency":"Mubarakpur","party2022":"","party2017":"BSP","party2012":"BSP"},{"constNo":"347","constituency":"Azamgarh","party2022":"","party2017":"SP","party2012":"SP"},{"constNo":"348","constituency":"Nizamabad","party2022":"","party2017":"SP","party2012":"SP"},{"constNo":"349","constituency":"Phoolpur Pawai","party2022":"","party2017":"BJP","party2012":"SP"},{"constNo":"350","constituency":"Didarganj","party2022":"","party2017":"BSP","party2012":"SP"},{"constNo":"351","constituency":"Lalganj","party2022":"","party2017":"BSP","party2012":"SP"},{"constNo":"352","constituency":"Mehnagar","party2022":"","party2017":"SP","party2012":"SP"},{"constNo":"353","constituency":"Madhuban","party2022":"","party2017":"BJP","party2012":"BSP"},{"constNo":"354","constituency":"Ghosi","party2022":"","party2017":"BJP","party2012":"SP"},{"constNo":"355","constituency":"Muhammadabad- Gohna","party2022":"","party2017":"BJP","party2012":"SP"},{"constNo":"356","constituency":"Mau","party2022":"","party2017":"BSP","party2012":"QED"},{"constNo":"357","constituency":"Belthara Road","party2022":"","party2017":"BJP","party2012":"SP"},{"constNo":"358","constituency":"Rasara","party2022":"","party2017":"BSP","party2012":"BSP"},{"constNo":"359","constituency":"Sikanderpur","party2022":"","party2017":"BJP","party2012":"SP"},{"constNo":"360","constituency":"Phephana","party2022":"","party2017":"BJP","party2012":"BJP"},{"constNo":"361","constituency":"Ballia Nagar","party2022":"","party2017":"BJP","party2012":"SP"},{"constNo":"362","constituency":"Bansdih","party2022":"","party2017":"SP","party2012":"SP"},{"constNo":"363","constituency":"Bairia","party2022":"","party2017":"BJP","party2012":"SP"},{"constNo":"364","constituency":"Badlapur","party2022":"","party2017":"BJP","party2012":"SP"},{"constNo":"365","constituency":"Shahganj","party2022":"","party2017":"SP","party2012":"SP"},{"constNo":"366","constituency":"Jaunpur","party2022":"","party2017":"BJP","party2012":"INC"},{"constNo":"367","constituency":"Malhani","party2022":"","party2017":"SP","party2012":"SP"},{"constNo":"368","constituency":"Mungra Badshahpur","party2022":"","party2017":"BSP","party2012":"BJP"},{"constNo":"369","constituency":"Machhlishahr","party2022":"","party2017":"SP","party2012":"SP"},{"constNo":"370","constituency":"Mariyahu","party2022":"","party2017":"ADAL","party2012":"SP"},{"constNo":"371","constituency":"Zafrabad","party2022":"","party2017":"BJP","party2012":"SP"},{"constNo":"372","constituency":"Kerakat","party2022":"","party2017":"BJP","party2012":"SP"},{"constNo":"373","constituency":"Jakhanian","party2022":"","party2017":"SBSP","party2012":"SP"},{"constNo":"374","constituency":"Saidpur","party2022":"","party2017":"SP","party2012":"SP"},{"constNo":"375","constituency":"Ghazipur","party2022":"","party2017":"BJP","party2012":"SP"},{"constNo":"376","constituency":"Jangipur","party2022":"","party2017":"SP","party2012":"SP"},{"constNo":"377","constituency":"Zahoorabad","party2022":"","party2017":"SBSP","party2012":"SP"},{"constNo":"378","constituency":"Mohammadabad","party2022":"","party2017":"BJP","party2012":"QED"},{"constNo":"379","constituency":"Zamania","party2022":"","party2017":"BJP","party2012":"SP"},{"constNo":"380","constituency":"Mughalsarai","party2022":"","party2017":"BJP","party2012":"BSP"},{"constNo":"381","constituency":"Sakaldiha","party2022":"","party2017":"SP","party2012":"IND"},{"constNo":"382","constituency":"Saiyadraja","party2022":"","party2017":"BJP","party2012":"IND"},{"constNo":"383","constituency":"Chakia","party2022":"","party2017":"BJP","party2012":"SP"},{"constNo":"384","constituency":"Pindra","party2022":"","party2017":"BJP","party2012":"INC"},{"constNo":"385","constituency":"Ajagara","party2022":"","party2017":"SBSP","party2012":"BSP"},{"constNo":"386","constituency":"Shivpur","party2022":"","party2017":"BJP","party2012":"BSP"},{"constNo":"387","constituency":"Rohaniya","party2022":"","party2017":"BJP","party2012":"AD"},{"constNo":"388","constituency":"Varanasi North","party2022":"","party2017":"BJP","party2012":"BJP"},{"constNo":"389","constituency":"Varanasi South","party2022":"","party2017":"BJP","party2012":"BJP"},{"constNo":"390","constituency":"Varanasi Cantt","party2022":"","party2017":"BJP","party2012":"BJP"},{"constNo":"391","constituency":"Sevapuri","party2022":"","party2017":"ADAL","party2012":"SP"},{"constNo":"392","constituency":"Bhadohi","party2022":"","party2017":"BJP","party2012":"SP"},{"constNo":"393","constituency":"Gyanpur","party2022":"","party2017":"NISHAD","party2012":"SP"},{"constNo":"394","constituency":"Aurai","party2022":"","party2017":"BJP","party2012":"SP"},{"constNo":"395","constituency":"Chhanbey","party2022":"","party2017":"ADAL","party2012":"SP"},{"constNo":"396","constituency":"Mirzapur","party2022":"","party2017":"BJP","party2012":"SP"},{"constNo":"397","constituency":"Majhawan","party2022":"","party2017":"BJP","party2012":"BSP"},{"constNo":"398","constituency":"Chunar","party2022":"","party2017":"BJP","party2012":"SP"},{"constNo":"399","constituency":"Marihan","party2022":"","party2017":"BJP","party2012":"INC"},{"constNo":"400","constituency":"Ghorawal","party2022":"","party2017":"BJP","party2012":"SP"},{"constNo":"401","constituency":"Robertsganj","party2022":"","party2017":"BJP","party2012":"SP"},{"constNo":"402","constituency":"Obra","party2022":"","party2017":"BJP","party2012":"BSP"},{"constNo":"403","constituency":"Duddhi","party2022":"","party2017":"ADAL","party2012":"IND"}],
        "voteshare": {
            "2012": [{"party":"SP","votes":"224","votes%":"55.58","status":"lead"},{"party":"BSP","votes":"80","votes%":"19.85","status":"lead"},{"party":"BJP","votes":"47","votes%":"11.66","status":"lead"},{"party":"INC","votes":"28","votes%":"6.95","status":"lead"},{"party":"RLD","votes":"9","votes%":"2.23","status":"lead"},{"party":"IND","votes":"6","votes%":"1.49","status":"lead"},{"party":"OTH","votes":"9","votes%":"2.23","status":"lead"}],
            "2017": [{"party":"BJP","votes":"312","votes%":"77.42","status":"lead"},{"party":"SP","votes":"47","votes%":"11.66","status":"lead"},{"party":"BSP","votes":"19","votes%":"4.71","status":"lead"},{"party":"AD","votes":"9","votes%":"2.23","status":"lead"},{"party":"INC","votes":"7","votes%":"1.74","status":"lead"},{"party":"SBSP","votes":"9","votes%":"2.23","status":"lead"}],
            "2022": [
                {
                    "party": "undecided",
                    "votes": 403,
                    "votes%": 100,
                    "status": "lead"
                }
            ]
        },
        "seatshare": {
            "2012":[{"party":"SP","votes":"224","votes%":"55.58","status":"lead"},{"party":"BSP","votes":"80","votes%":"19.85","status":"lead"},{"party":"BJP","votes":"47","votes%":"11.66","status":"lead"},{"party":"INC","votes":"28","votes%":"6.95","status":"lead"},{"party":"RLD","votes":"9","votes%":"2.23","status":"lead"},{"party":"IND","votes":"6","votes%":"1.49","status":"lead"},{"party":"OTH","votes":"9","votes%":"2.23","status":"lead"}],
            "2017": [{"party":"BJP","votes":"312","votes%":"77.42","status":"lead"},{"party":"SP","votes":"47","votes%":"11.66","status":"lead"},{"party":"BSP","votes":"19","votes%":"4.71","status":"lead"},{"party":"AD","votes":"9","votes%":"2.23","status":"lead"},{"party":"INC","votes":"7","votes%":"1.74","status":"lead"},{"party":"SBSP","votes":"9","votes%":"2.23","status":"lead"}],
            "2022": [
                {
                    "party": "undecided",
                    "votes": 403,
                    "votes%": 100,
                    "status": "lead"
                }
            ]
        }
    },
    "pb": {
        "stateName": "Punjab",
        "stateCode": "S24",
        "vhcode": "pb",
        "mapsource": "assets/maps/Punjab.json",
        "scale": 5500,
        "center": [
            75.34,
            31.05
        ],
        "stateIntro": "Punjab is a state in northern India. With over 200 million inhabitants, it is the most populated state in India as well as the most populous country subdivision in the world.",
        "totalVoters": 1416235,
        "maleVoters": 1416235,
        "femaleVoters": 1416235,
        "thirdGender": 1416235,
        "voterTurnout": "65%",
        "allAlliances": {
            "2012": [
                "BJP",
                "Samajwadi Party (SP)"
            ],
            "2017": [
                "BJP + Apna Dal (Sonelal) + NISHAD Party",
                "Samajwadi Party (SP) + Rashtriya Lok Dal (RLD) + Suheldev Bharatiya Samaj Party (SBSP) + Mahan Dal + Janvadi Party (Socialist)"
            ],
            "2022": [
                "BJP + Apna Dal (Sonelal) + NISHAD Party",
                "Samajwadi Party (SP)"
            ]
        },
        "mapdata": [
            {
                "constNo": "1",
                "constituency": "Behat",
                "party2022": "",
                "party2017": "Congress",
                "party2012": "BSP"
            },
            {
                "constNo": "2",
                "constituency": "Nakur",
                "party2022": "",
                "party2017": "BJP",
                "party2012": "BSP"
            },
            {
                "constNo": "3",
                "constituency": "Saharanpur Nagar",
                "party2022": "",
                "party2017": "SP",
                "party2012": "BJP"
            },
            {
                "constNo": "4",
                "constituency": "Saharanpur",
                "party2022": "",
                "party2017": "Congress",
                "party2012": "BSP"
            },
            {
                "constNo": "5",
                "constituency": "Deoband",
                "party2022": "",
                "party2017": "BJP",
                "party2012": "SP"
            },
            {
                "constNo": "6",
                "constituency": "Rampur Maniharan",
                "party2022": "",
                "party2017": "BJP",
                "party2012": "BSP"
            },
            {
                "constNo": "7",
                "constituency": "Gangoh",
                "party2022": "",
                "party2017": "BJP",
                "party2012": "Congress"
            },
            {
                "constNo": "8",
                "constituency": "Kairana",
                "party2022": "",
                "party2017": "SP",
                "party2012": "BJP"
            },
            {
                "constNo": "9",
                "constituency": "Thana Bhawan",
                "party2022": "",
                "party2017": "BJP",
                "party2012": "BJP"
            },
            {
                "constNo": "10",
                "constituency": "Shamli",
                "party2022": "",
                "party2017": "BJP",
                "party2012": "Congress"
            },
            {
                "constNo": "11",
                "constituency": "Budhana",
                "party2022": "",
                "party2017": "BJP",
                "party2012": "SP"
            },
            {
                "constNo": "12",
                "constituency": "Charthawal",
                "party2022": "",
                "party2017": "BJP",
                "party2012": "BSP"
            },
            {
                "constNo": "13",
                "constituency": "Purqazi",
                "party2022": "",
                "party2017": "BJP",
                "party2012": "BSP"
            },
            {
                "constNo": "14",
                "constituency": "Muzaffar Nagar",
                "party2022": "",
                "party2017": "BJP",
                "party2012": "SP"
            },
            {
                "constNo": "15",
                "constituency": "Khatauli",
                "party2022": "",
                "party2017": "BJP",
                "party2012": "RLD"
            },
            {
                "constNo": "16",
                "constituency": "Meerapur",
                "party2022": "",
                "party2017": "BJP",
                "party2012": "BSP"
            },
            {
                "constNo": "17",
                "constituency": "Najibabad",
                "party2022": "",
                "party2017": "SP",
                "party2012": "BSP"
            },
            {
                "constNo": "18",
                "constituency": "Nagina",
                "party2022": "",
                "party2017": "SP",
                "party2012": "SP"
            },
            {
                "constNo": "19",
                "constituency": "Barhapur",
                "party2022": "",
                "party2017": "BJP",
                "party2012": "BSP"
            },
            {
                "constNo": "20",
                "constituency": "Dhampur",
                "party2022": "",
                "party2017": "BJP",
                "party2012": "SP"
            },
            {
                "constNo": "21",
                "constituency": "Nehtaur",
                "party2022": "",
                "party2017": "BJP",
                "party2012": "BSP"
            },
            {
                "constNo": "22",
                "constituency": "Bijnor",
                "party2022": "",
                "party2017": "BJP",
                "party2012": "BJP"
            },
            {
                "constNo": "23",
                "constituency": "Chandpur",
                "party2022": "",
                "party2017": "BJP",
                "party2012": "BSP"
            },
            {
                "constNo": "24",
                "constituency": "Noorpur",
                "party2022": "",
                "party2017": "BJP",
                "party2012": "BJP"
            },
            {
                "constNo": "25",
                "constituency": "Kanth",
                "party2022": "",
                "party2017": "BJP",
                "party2012": "Peace Party"
            },
            {
                "constNo": "26",
                "constituency": "Thakurdwara",
                "party2022": "",
                "party2017": "SP",
                "party2012": "BJP"
            },
            {
                "constNo": "27",
                "constituency": "Moradabad Rural",
                "party2022": "",
                "party2017": "SP",
                "party2012": "SP"
            },
            {
                "constNo": "28",
                "constituency": "Moradabad Nagar",
                "party2022": "",
                "party2017": "BJP",
                "party2012": "SP"
            },
            {
                "constNo": "29",
                "constituency": "Kundarki",
                "party2022": "",
                "party2017": "SP",
                "party2012": "SP"
            },
            {
                "constNo": "30",
                "constituency": "Bilari",
                "party2022": "",
                "party2017": "SP",
                "party2012": "SP"
            },
            {
                "constNo": "31",
                "constituency": "Chandausi",
                "party2022": "",
                "party2017": "BJP",
                "party2012": "SP"
            },
            {
                "constNo": "32",
                "constituency": "Asmoli",
                "party2022": "",
                "party2017": "SP",
                "party2012": "SP"
            },
            {
                "constNo": "33",
                "constituency": "Sambhal",
                "party2022": "",
                "party2017": "SP",
                "party2012": "SP"
            },
            {
                "constNo": "34",
                "constituency": "Suar",
                "party2022": "",
                "party2017": "SP",
                "party2012": "Congress"
            },
            {
                "constNo": "35",
                "constituency": "Chamraua",
                "party2022": "",
                "party2017": "SP",
                "party2012": "BSP"
            },
            {
                "constNo": "36",
                "constituency": "Bilaspur",
                "party2022": "",
                "party2017": "BJP",
                "party2012": "Congress"
            },
            {
                "constNo": "37",
                "constituency": "Rampur",
                "party2022": "",
                "party2017": "SP",
                "party2012": "SP"
            },
            {
                "constNo": "38",
                "constituency": "Milak",
                "party2022": "",
                "party2017": "BJP",
                "party2012": "SP"
            },
            {
                "constNo": "39",
                "constituency": "Dhanaura",
                "party2022": "",
                "party2017": "BJP",
                "party2012": "SP"
            },
            {
                "constNo": "40",
                "constituency": "Naugawan Sadat",
                "party2022": "",
                "party2017": "BJP",
                "party2012": "SP"
            },
            {
                "constNo": "41",
                "constituency": "Amroha",
                "party2022": "",
                "party2017": "SP",
                "party2012": "SP"
            },
            {
                "constNo": "42",
                "constituency": "Hasanpur",
                "party2022": "",
                "party2017": "BJP",
                "party2012": "SP"
            },
            {
                "constNo": "43",
                "constituency": "Siwalkhas",
                "party2022": "",
                "party2017": "BJP",
                "party2012": "SP"
            },
            {
                "constNo": "44",
                "constituency": "Sardhana",
                "party2022": "",
                "party2017": "BJP",
                "party2012": "BJP"
            },
            {
                "constNo": "45",
                "constituency": "Hastinapur",
                "party2022": "",
                "party2017": "BJP",
                "party2012": "SP"
            },
            {
                "constNo": "46",
                "constituency": "Kithore",
                "party2022": "",
                "party2017": "BJP",
                "party2012": "SP"
            },
            {
                "constNo": "47",
                "constituency": "Meerut Cantt",
                "party2022": "",
                "party2017": "BJP",
                "party2012": "BJP"
            },
            {
                "constNo": "48",
                "constituency": "Meerut",
                "party2022": "",
                "party2017": "SP",
                "party2012": "BJP"
            },
            {
                "constNo": "49",
                "constituency": "Meerut South",
                "party2022": "",
                "party2017": "BJP",
                "party2012": "BJP"
            },
            {
                "constNo": "50",
                "constituency": "Chhaprauli",
                "party2022": "",
                "party2017": "RLD",
                "party2012": "RLD"
            },
            {
                "constNo": "51",
                "constituency": "Baraut",
                "party2022": "",
                "party2017": "BJP",
                "party2012": "BSP"
            },
            {
                "constNo": "52",
                "constituency": "Baghpat",
                "party2022": "",
                "party2017": "BJP",
                "party2012": "BSP"
            },
            {
                "constNo": "53",
                "constituency": "Loni",
                "party2022": "",
                "party2017": "BJP",
                "party2012": "BSP"
            },
            {
                "constNo": "54",
                "constituency": "Muradnagar",
                "party2022": "",
                "party2017": "BJP",
                "party2012": "BSP"
            },
            {
                "constNo": "55",
                "constituency": "Sahibabad",
                "party2022": "",
                "party2017": "BJP",
                "party2012": "BSP"
            },
            {
                "constNo": "56",
                "constituency": "Ghaziabad",
                "party2022": "",
                "party2017": "BJP",
                "party2012": "BSP"
            },
            {
                "constNo": "57",
                "constituency": "Modi Nagar",
                "party2022": "",
                "party2017": "BJP",
                "party2012": "RLD"
            },
            {
                "constNo": "58",
                "constituency": "Dholana",
                "party2022": "",
                "party2017": "BSP",
                "party2012": "SP"
            },
            {
                "constNo": "59",
                "constituency": "Hapur",
                "party2022": "",
                "party2017": "BJP",
                "party2012": "Congress"
            },
            {
                "constNo": "60",
                "constituency": "Garhmukteshwar",
                "party2022": "",
                "party2017": "BJP",
                "party2012": "SP"
            },
            {
                "constNo": "61",
                "constituency": "Noida",
                "party2022": "",
                "party2017": "BJP",
                "party2012": "BJP"
            },
            {
                "constNo": "62",
                "constituency": "Dadri",
                "party2022": "",
                "party2017": "BJP",
                "party2012": "BSP"
            },
            {
                "constNo": "63",
                "constituency": "Jewar",
                "party2022": "",
                "party2017": "BJP",
                "party2012": "BSP"
            },
            {
                "constNo": "64",
                "constituency": "Sikandrabad",
                "party2022": "",
                "party2017": "BJP",
                "party2012": "BJP"
            },
            {
                "constNo": "65",
                "constituency": "Bulandshahr",
                "party2022": "",
                "party2017": "BJP",
                "party2012": "BSP"
            },
            {
                "constNo": "66",
                "constituency": "Syana",
                "party2022": "",
                "party2017": "BJP",
                "party2012": "Congress"
            },
            {
                "constNo": "67",
                "constituency": "Anupshahr",
                "party2022": "",
                "party2017": "BJP",
                "party2012": "BSP"
            },
            {
                "constNo": "68",
                "constituency": "Debai",
                "party2022": "",
                "party2017": "BJP",
                "party2012": "SP"
            },
            {
                "constNo": "69",
                "constituency": "Shikarpur",
                "party2022": "",
                "party2017": "BJP",
                "party2012": "SP"
            },
            {
                "constNo": "70",
                "constituency": "Khurja",
                "party2022": "",
                "party2017": "BJP",
                "party2012": "Congress"
            },
            {
                "constNo": "71",
                "constituency": "Khair",
                "party2022": "",
                "party2017": "BJP",
                "party2012": "RLD"
            },
            {
                "constNo": "72",
                "constituency": "Barauli",
                "party2022": "",
                "party2017": "BJP",
                "party2012": "RLD"
            },
            {
                "constNo": "73",
                "constituency": "Atrauli",
                "party2022": "",
                "party2017": "BJP",
                "party2012": "SP"
            },
            {
                "constNo": "74",
                "constituency": "Chharra",
                "party2022": "",
                "party2017": "BJP",
                "party2012": "SP"
            },
            {
                "constNo": "75",
                "constituency": "Koil",
                "party2022": "",
                "party2017": "BJP",
                "party2012": "SP"
            },
            {
                "constNo": "76",
                "constituency": "Aligarh",
                "party2022": "",
                "party2017": "BJP",
                "party2012": "SP"
            },
            {
                "constNo": "77",
                "constituency": "Iglas",
                "party2022": "",
                "party2017": "BJP",
                "party2012": "RLD"
            },
            {
                "constNo": "78",
                "constituency": "Hathras",
                "party2022": "",
                "party2017": "BJP",
                "party2012": "BSP"
            },
            {
                "constNo": "79",
                "constituency": "Sadabad",
                "party2022": "",
                "party2017": "BSP",
                "party2012": "SP"
            },
            {
                "constNo": "80",
                "constituency": "Sikandra Rao",
                "party2022": "",
                "party2017": "BJP",
                "party2012": "BSP"
            },
            {
                "constNo": "81",
                "constituency": "Chhata",
                "party2022": "",
                "party2017": "BJP",
                "party2012": "RLD"
            },
            {
                "constNo": "82",
                "constituency": "Mant",
                "party2022": "",
                "party2017": "BSP",
                "party2012": "RLD"
            },
            {
                "constNo": "83",
                "constituency": "Goverdhan",
                "party2022": "",
                "party2017": "BJP",
                "party2012": "BSP"
            },
            {
                "constNo": "84",
                "constituency": "Mathura",
                "party2022": "",
                "party2017": "BJP",
                "party2012": "Congress"
            },
            {
                "constNo": "85",
                "constituency": "Baldev",
                "party2022": "",
                "party2017": "BJP",
                "party2012": "RLD"
            },
            {
                "constNo": "86",
                "constituency": "Etmadpur",
                "party2022": "",
                "party2017": "BJP",
                "party2012": "BSP"
            },
            {
                "constNo": "87",
                "constituency": "Agra Cantt",
                "party2022": "",
                "party2017": "BJP",
                "party2012": "BSP"
            },
            {
                "constNo": "88",
                "constituency": "Agra South",
                "party2022": "",
                "party2017": "BJP",
                "party2012": "BJP"
            },
            {
                "constNo": "89",
                "constituency": "Agra North",
                "party2022": "",
                "party2017": "BJP",
                "party2012": "BJP"
            },
            {
                "constNo": "90",
                "constituency": "Agra Rural",
                "party2022": "",
                "party2017": "BJP",
                "party2012": "BSP"
            },
            {
                "constNo": "91",
                "constituency": "Fatehpur Sikri",
                "party2022": "",
                "party2017": "BJP",
                "party2012": "BSP"
            },
            {
                "constNo": "92",
                "constituency": "Kheragarh",
                "party2022": "",
                "party2017": "BJP",
                "party2012": "BSP"
            },
            {
                "constNo": "93",
                "constituency": "Fatehabad",
                "party2022": "",
                "party2017": "BJP",
                "party2012": "BSP"
            },
            {
                "constNo": "94",
                "constituency": "Bah",
                "party2022": "",
                "party2017": "BJP",
                "party2012": "SP"
            },
            {
                "constNo": "95",
                "constituency": "Tundla",
                "party2022": "",
                "party2017": "BJP",
                "party2012": "BSP"
            },
            {
                "constNo": "96",
                "constituency": "Jasrana",
                "party2022": "",
                "party2017": "BJP",
                "party2012": "SP"
            },
            {
                "constNo": "97",
                "constituency": "Firozabad",
                "party2022": "",
                "party2017": "BJP",
                "party2012": "BJP"
            },
            {
                "constNo": "98",
                "constituency": "Shikohabad",
                "party2022": "",
                "party2017": "BJP",
                "party2012": "SP"
            },
            {
                "constNo": "99",
                "constituency": "Sirsaganj",
                "party2022": "",
                "party2017": "SP",
                "party2012": "SP"
            },
            {
                "constNo": "100",
                "constituency": "Kasganj",
                "party2022": "",
                "party2017": "BJP",
                "party2012": "SP"
            },
            {
                "constNo": "101",
                "constituency": "Amanpur",
                "party2022": "",
                "party2017": "BJP",
                "party2012": "BSP"
            },
            {
                "constNo": "102",
                "constituency": "Patiyali",
                "party2022": "",
                "party2017": "BJP",
                "party2012": "SP"
            },
            {
                "constNo": "103",
                "constituency": "Aliganj",
                "party2022": "",
                "party2017": "BJP",
                "party2012": "SP"
            },
            {
                "constNo": "104",
                "constituency": "Etah",
                "party2022": "",
                "party2017": "BJP",
                "party2012": "SP"
            },
            {
                "constNo": "105",
                "constituency": "Marhara",
                "party2022": "",
                "party2017": "BJP",
                "party2012": "SP"
            },
            {
                "constNo": "106",
                "constituency": "Jalesar",
                "party2022": "",
                "party2017": "BJP",
                "party2012": "SP"
            },
            {
                "constNo": "107",
                "constituency": "Mainpuri",
                "party2022": "",
                "party2017": "SP",
                "party2012": "SP"
            },
            {
                "constNo": "108",
                "constituency": "Bhongaon",
                "party2022": "",
                "party2017": "BJP",
                "party2012": "SP"
            },
            {
                "constNo": "109",
                "constituency": "Kishani",
                "party2022": "",
                "party2017": "SP",
                "party2012": "SP"
            },
            {
                "constNo": "110",
                "constituency": "Karhal",
                "party2022": "",
                "party2017": "SP",
                "party2012": "SP"
            },
            {
                "constNo": "111",
                "constituency": "Gunnaur",
                "party2022": "",
                "party2017": "BJP",
                "party2012": "SP"
            },
            {
                "constNo": "112",
                "constituency": "Bisauli",
                "party2022": "",
                "party2017": "BJP",
                "party2012": "SP"
            },
            {
                "constNo": "113",
                "constituency": "Sahaswan",
                "party2022": "",
                "party2017": "SP",
                "party2012": "SP"
            },
            {
                "constNo": "114",
                "constituency": "Bilsi",
                "party2022": "",
                "party2017": "BJP",
                "party2012": "BSP"
            },
            {
                "constNo": "115",
                "constituency": "Badaun",
                "party2022": "",
                "party2017": "BJP",
                "party2012": "SP"
            },
            {
                "constNo": "116",
                "constituency": "Shekhupur",
                "party2022": "",
                "party2017": "BJP",
                "party2012": "SP"
            },
            {
                "constNo": "117",
                "constituency": "Dataganj",
                "party2022": "",
                "party2017": "BJP",
                "party2012": "BSP"
            }
        ],
        "voteshare": {
            "2012": [
                {
                    "party": "undecided",
                    "votes": 403,
                    "votes%": 100,
                    "status": "lead"
                }
            ],
            "2017": [
                {
                    "party": "BJP",
                    "votes": 58,
                    "votes%": 41.42857142857143,
                    "status": "lead"
                },
                {
                    "party": "BSP",
                    "votes": 22,
                    "votes%": 15.714285714285714,
                    "status": "lead"
                },
                {
                    "party": "SP",
                    "votes": 19,
                    "votes%": 13.571428571428571,
                    "status": "lead"
                },
                {
                    "party": "DDS",
                    "votes": 18,
                    "votes%": 12.857142857142858,
                    "status": "lead"
                },
                {
                    "party": "OTH",
                    "votes": 23,
                    "votes%": 16.4285714286,
                    "status": "lead"
                }
            ],
            "2022": [
                {
                    "party": "undecided",
                    "votes": 403,
                    "votes%": 100,
                    "status": "lead"
                }
            ]
        },
        "seatshare": {
            "2012": [
                {
                    "party": "undecided",
                    "votes": 403,
                    "votes%": 100,
                    "status": "lead"
                }
            ],
            "2017": [
                {
                    "party": "BJP",
                    "votes": 58,
                    "votes%": 41.42857142857143,
                    "status": "lead"
                },
                {
                    "party": "BSP",
                    "votes": 22,
                    "votes%": 15.714285714285714,
                    "status": "lead"
                },
                {
                    "party": "SP",
                    "votes": 19,
                    "votes%": 13.571428571428571,
                    "status": "lead"
                },
                {
                    "party": "DDS",
                    "votes": 18,
                    "votes%": 12.857142857142858,
                    "status": "lead"
                },
                {
                    "party": "OTH",
                    "votes": 23,
                    "votes%": 16.4285714286,
                    "status": "lead"
                }
            ],
            "2022": [
                {
                    "party": "undecided",
                    "votes": 403,
                    "votes%": 100,
                    "status": "lead"
                }
            ]
        }
    }
}