{"type":"Topology","objects":{"collection":{"type":"GeometryCollection","geometries":[{"type":"Polygon","id":0,"properties":{"ac":45,"ac_name":"KUTLEHAR"},"arcs":[[0,1,2,3,4,5,6,7,8]]},{"type":"Polygon","id":1,"properties":{"ac":44,"ac_name":"UNA"},"arcs":[[9,-6,10]]},{"type":"Polygon","id":2,"properties":{"ac":43,"ac_name":"HAROLI"},"arcs":[[11,12,13,-7,-10]]},{"type":"Polygon","id":3,"properties":{"ac":39,"ac_name":"BARSAR"},"arcs":[[14,15,16,17,-2]]},{"type":"Polygon","id":4,"properties":{"ac":42,"ac_name":"GAGRET"},"arcs":[[18,-13,19]]},{"type":"Polygon","id":5,"properties":{"ac":41,"ac_name":"CHINTPURNI (SC)"},"arcs":[[20,21,-8,-14,-19]]},{"type":"Polygon","id":6,"properties":{"ac":40,"ac_name":"NADAUN"},"arcs":[[22,-15,-1,23,24,25]]},{"type":"Polygon","id":7,"properties":{"ac":38,"ac_name":"HAMIRPUR"},"arcs":[[26,-16,-23,27,28]]},{"type":"Polygon","id":8,"properties":{"ac":19,"ac_name":"PALAMPUR"},"arcs":[[29,30,31,32,33,34]]},{"type":"Polygon","id":9,"properties":{"ac":18,"ac_name":"DHARAMSHALA"},"arcs":[[35,36,37,-33,38]]},{"type":"Polygon","id":10,"properties":{"ac":17,"ac_name":"SHAHPUR"},"arcs":[[39,40,41,42,-37,43]]},{"type":"Polygon","id":11,"properties":{"ac":16,"ac_name":"KANGRA"},"arcs":[[-36,44,45,-44]]},{"type":"Polygon","id":12,"properties":{"ac":15,"ac_name":"NAGROTA"},"arcs":[[46,-45,-39,-32,47,48]]},{"type":"Polygon","id":13,"properties":{"ac":14,"ac_name":"SULLAH"},"arcs":[[-48,-31,49,50]]},{"type":"Polygon","id":14,"properties":{"ac":12,"ac_name":"JAWALAMUKHI"},"arcs":[[51,-25,52,53,-49,-51,54]]},{"type":"Polygon","id":15,"properties":{"ac":11,"ac_name":"JASWAN-PRAGPUR"},"arcs":[[55,56,-53,-24,-9,-22,57]]},{"type":"Polygon","id":16,"properties":{"ac":10,"ac_name":"DEHRA"},"arcs":[[-40,-46,-47,-54,-57,58,59]]},{"type":"Polygon","id":17,"properties":{"ac":9,"ac_name":"JAWALI"},"arcs":[[-60,60,61,62,-41]]},{"type":"Polygon","id":18,"properties":{"ac":8,"ac_name":"FATEHPUR"},"arcs":[[-56,63,64,65,-61,-59]]},{"type":"Polygon","id":19,"properties":{"ac":7,"ac_name":"INDORA (SC)"},"arcs":[[66,67,-65]]},{"type":"Polygon","id":20,"properties":{"ac":6,"ac_name":"NURPUR"},"arcs":[[-62,-66,-68,68,69]]},{"type":"Polygon","id":21,"properties":{"ac":5,"ac_name":"BHATTIYAT"},"arcs":[[70,71,72,73,-42,-63,-70]]},{"type":"Polygon","id":22,"properties":{"ac":4,"ac_name":"DALHOUSIE"},"arcs":[[-72,74,75,76]]},{"type":"Polygon","id":23,"properties":{"ac":3,"ac_name":"CHAMBA"},"arcs":[[-73,-77,77,78]]},{"type":"Polygon","id":24,"properties":{"ac":2,"ac_name":"BHARMOUR (ST)"},"arcs":[[-74,-79,79,80,81,-34,-38,-43]]},{"type":"Polygon","id":25,"properties":{"ac":1,"ac_name":"CHURAH (SC)"},"arcs":[[-78,-76,82,83,-80]]},{"type":"Polygon","id":26,"properties":{"ac":56,"ac_name":"NAHAN"},"arcs":[[84,85,86,87]]},{"type":"Polygon","id":27,"properties":{"ac":55,"ac_name":"PACHHAD (SC)"},"arcs":[[88,89,90,-85,91,92,93,94]]},{"type":"Polygon","id":28,"properties":{"ac":54,"ac_name":"KASAULI (SC)"},"arcs":[[95,96,97,98,-93]]},{"type":"Polygon","id":29,"properties":{"ac":59,"ac_name":"SHILLAI"},"arcs":[[99,100,101,102]]},{"type":"Polygon","id":30,"properties":{"ac":58,"ac_name":"PAONTA SAHIB"},"arcs":[[-87,103,-102,104]]},{"type":"Polygon","id":31,"properties":{"ac":57,"ac_name":"SRI RENUKAJI (SC)"},"arcs":[[-103,-104,-86,-91,105]]},{"type":"Polygon","id":32,"properties":{"ac":64,"ac_name":"SHIMLA RURAL"},"arcs":[[106,107,108,109,110,111,112,113]]},{"type":"Polygon","id":33,"properties":{"ac":63,"ac_name":"SHIMLA"},"arcs":[[-107,114]]},{"type":"Polygon","id":34,"properties":{"ac":62,"ac_name":"KASUMPTI"},"arcs":[[-108,-115,-114,115,-95,116]]},{"type":"Polygon","id":35,"properties":{"ac":53,"ac_name":"SOLAN (SC)"},"arcs":[[-117,-94,-99,117,-109]]},{"type":"Polygon","id":36,"properties":{"ac":52,"ac_name":"DOON"},"arcs":[[118,-97,119,120]]},{"type":"Polygon","id":37,"properties":{"ac":51,"ac_name":"NALAGARH"},"arcs":[[121,122,-121,123]]},{"type":"Polygon","id":38,"properties":{"ac":50,"ac_name":"ARKI"},"arcs":[[-118,-98,-119,-123,124,125,126,-110]]},{"type":"Polygon","id":39,"properties":{"ac":49,"ac_name":"SRI NAINA DEVIJI"},"arcs":[[-125,-122,127,-4,128,129]]},{"type":"Polygon","id":40,"properties":{"ac":48,"ac_name":"BILASPUR"},"arcs":[[130,131,132,133,-126,-130]]},{"type":"Polygon","id":41,"properties":{"ac":47,"ac_name":"GHUMARWIN"},"arcs":[[134,-132,135,-17,-27,136]]},{"type":"Polygon","id":42,"properties":{"ac":46,"ac_name":"JHANDUTA (SC)"},"arcs":[[-131,-129,-3,-18,-136]]},{"type":"Polygon","id":43,"properties":{"ac":28,"ac_name":"NACHAN (SC)"},"arcs":[[137,138,139,140,141]]},{"type":"Polygon","id":44,"properties":{"ac":27,"ac_name":"SUNDERNAGAR"},"arcs":[[142,143,-141,144,-111,-127,-134]]},{"type":"Polygon","id":45,"properties":{"ac":26,"ac_name":"KARSOG (SC)"},"arcs":[[145,-112,-145,-140,146,147]]},{"type":"Polygon","id":46,"properties":{"ac":67,"ac_name":"ROHRU (SC)"},"arcs":[[148,149,150,151]]},{"type":"Polygon","id":47,"properties":{"ac":66,"ac_name":"RAMPUR (SC)"},"arcs":[[152,153,154,155,-149,156]]},{"type":"Polygon","id":48,"properties":{"ac":65,"ac_name":"JUBBAL-KOTKHAI"},"arcs":[[157,158,-157,-152,159]]},{"type":"Polygon","id":49,"properties":{"ac":61,"ac_name":"THEOG"},"arcs":[[-89,-116,-113,-146,160,-153,-159,161]]},{"type":"Polygon","id":50,"properties":{"ac":60,"ac_name":"CHOPAL"},"arcs":[[-158,162,-100,-106,-90,-162]]},{"type":"Polygon","id":51,"properties":{"ac":25,"ac_name":"ANNI (SC)"},"arcs":[[-148,163,164,-154,-161]]},{"type":"Polygon","id":52,"properties":{"ac":37,"ac_name":"SUJANPUR"},"arcs":[[165,-28,-26,-52,166,167]]},{"type":"Polygon","id":53,"properties":{"ac":36,"ac_name":"BHORANJ (SC)"},"arcs":[[-137,-29,-166,168,169]]},{"type":"Polygon","id":54,"properties":{"ac":35,"ac_name":"SARKAGHAT"},"arcs":[[170,171,172,-143,-133,-135,-170]]},{"type":"Polygon","id":55,"properties":{"ac":34,"ac_name":"BALH (SC)"},"arcs":[[-142,-144,-173,173]]},{"type":"Polygon","id":56,"properties":{"ac":33,"ac_name":"MANDI"},"arcs":[[-172,174,175,176,177,-138,-174]]},{"type":"Polygon","id":57,"properties":{"ac":32,"ac_name":"DHARAMPUR"},"arcs":[[178,179,-175,-171,-169,-168]]},{"type":"Polygon","id":58,"properties":{"ac":31,"ac_name":"JOGINDERNAGAR"},"arcs":[[180,181,-176,-180,182]]},{"type":"Polygon","id":59,"properties":{"ac":30,"ac_name":"DARANG"},"arcs":[[183,184,185,-177,-182,186]]},{"type":"Polygon","id":60,"properties":{"ac":29,"ac_name":"SERAJ"},"arcs":[[-186,187,-164,-147,-139,-178]]},{"type":"Polygon","id":61,"properties":{"ac":22,"ac_name":"MANALI"},"arcs":[[188,189,190]]},{"type":"Polygon","id":62,"properties":{"ac":20,"ac_name":"BAIJNATH (SC)"},"arcs":[[-35,-82,191,-190,192,-187,-181,193]]},{"type":"Polygon","id":63,"properties":{"ac":13,"ac_name":"JAISINGHPUR (SC)"},"arcs":[[-194,-183,-179,-167,-55,-50,-30]]},{"type":"Polygon","id":64,"properties":{"ac":24,"ac_name":"BANJAR"},"arcs":[[194,-155,-165,-188,-185,195,196]]},{"type":"Polygon","id":65,"properties":{"ac":23,"ac_name":"KULLU"},"arcs":[[-193,-189,197,-196,-184]]},{"type":"Polygon","id":66,"properties":{"ac":68,"ac_name":"KINNAUR (ST"},"arcs":[[-195,198,199,-150,-156]]},{"type":"Polygon","id":67,"properties":{"ac":21,"ac_name":"LAHAUL & SPITI(ST)"},"arcs":[[-192,-81,-84,200,-199,-197,-198,-191]]}]}},"arcs":[[[2078,4631],[3,-10],[14,-21],[24,-61],[23,-41],[25,-26],[23,-37],[14,-43],[31,-39],[30,-21],[48,-49],[-1,-18],[5,-4]],[[2317,4261],[13,-11],[23,-70],[72,-154],[9,-18],[11,-12],[-8,-33],[3,-9],[-6,-10],[11,-28],[17,-36],[40,-60]],[[2502,3820],[-18,-10],[18,-35],[34,-50],[-12,-34],[-5,-9],[20,-7],[19,3],[4,-11],[-16,-6],[-1,-33],[-5,-22]],[[2540,3606],[-5,0],[-9,-1],[-21,-7],[-32,-20],[-21,-7],[-20,-11],[-52,3],[-54,49],[-8,-18],[2,-31],[-2,-17]],[[2318,3546],[-25,10],[6,30],[-18,20],[-17,46]],[[2264,3652],[-9,13],[-7,12],[-10,13],[-7,16],[-9,6],[-5,3],[-11,-5],[-7,-5],[-13,-9],[-6,2],[-5,11],[-11,1],[-15,-1],[-13,0],[-12,5],[-20,2],[-6,-8],[-3,-9],[-12,-5],[-9,4],[-4,11],[-2,17],[5,9],[6,6],[0,10],[-5,7],[-6,13],[1,9],[1,13],[-10,9],[-9,-3],[-5,1],[-3,6],[-4,12],[-11,4],[-5,-7],[-5,-6],[-8,4],[-13,2],[-15,-14],[-12,-4],[0,6],[-9,16],[-2,-5],[-4,-6],[-3,-4],[-10,-1],[-12,0],[-13,-6],[-5,-10],[-7,-9],[-1,8],[-3,16],[-4,15],[-7,12],[-4,-6],[-2,-19],[-7,-11],[-11,-6],[-9,-2],[-11,9]],[[1846,3794],[-21,7],[-10,5],[-8,8],[-2,14],[0,14],[-1,13],[0,15],[-4,11],[-6,3],[-6,0],[-14,0],[-9,4],[-4,11],[-4,12],[-3,12],[-7,11],[-7,8],[-10,19],[-3,16],[0,20],[0,20],[-4,22]],[[1723,4039],[17,-3],[10,-4],[3,7],[3,13],[0,15],[4,11],[2,12],[8,2],[5,0],[15,5],[11,9],[6,5],[12,1],[13,-2],[10,5],[12,15],[5,13],[12,8],[2,6],[5,9],[11,2],[10,3],[10,6],[10,-1],[7,-7],[4,-16],[2,-11],[13,-6],[7,-4],[3,-12],[4,-13],[4,-3],[11,4],[5,9],[6,5],[2,19],[8,4],[19,-11],[6,-12],[8,-2],[15,4],[18,7],[12,4],[13,2],[3,11],[-9,12],[-9,9],[-11,13],[-10,13],[-1,12],[-1,9],[-12,8],[-6,6],[-9,13],[-2,10],[-5,4],[-5,2],[-5,2],[0,3],[3,9],[0,22],[2,8],[13,3],[9,5],[-4,5],[-8,0],[-13,7],[-7,5],[-1,9],[11,8],[7,12],[-5,9],[-7,6],[-3,7],[6,15],[-1,10],[-3,12],[3,13],[4,9],[5,7],[-3,10],[-5,6],[-7,10],[-1,9],[1,12],[7,16]],[[2007,4508],[15,17],[52,101],[4,5]],[[2078,3311],[-7,5],[-7,10],[-1,11],[0,9],[0,10],[-6,12],[-10,1],[-9,-3],[-11,-1],[-6,4],[1,14],[5,8],[2,6],[-3,6],[-7,5],[-7,9],[2,8],[2,10],[2,12],[-1,7],[-6,6],[-6,3],[-4,4],[-4,5],[-1,9],[-7,4],[-9,-1],[-8,1],[-2,8],[-1,7],[-5,6],[-8,2],[-11,-2],[-13,6],[-5,8],[-9,12],[-5,10],[3,10],[0,6],[1,8],[-6,7],[-5,4],[1,10],[9,5],[4,5],[0,5],[-6,7],[-3,8],[5,9],[8,4],[2,4],[-4,7],[-8,6],[-3,4],[-2,10],[-5,25],[-7,14],[-7,14],[-6,6],[-7,9],[0,8],[6,8],[2,6],[-4,6],[-11,8],[-9,6],[-7,7],[-8,16]],[[2264,3652],[-19,-41],[7,-48],[-18,-11],[-18,-24],[-36,-8],[-15,-9],[-40,4],[9,-49],[-2,-25],[33,-5],[1,-41],[4,-30],[16,-21],[-20,-27],[-16,6],[-19,18],[-6,-17],[-47,-13]],[[2078,3311],[-11,-6],[18,-55],[-18,-25],[-17,-13],[-17,-7],[-21,-13],[-26,-12],[-21,-3],[-17,32],[-33,-5],[-62,-3],[-24,-19],[-25,-9],[-60,-3],[-38,7],[-13,26],[-7,41],[1,54],[-24,18],[-30,4],[-24,17],[-13,30],[-3,73],[13,15],[25,17],[17,19],[11,26],[-9,32],[-19,17],[0,24],[-11,23],[-24,18],[-20,21],[-16,34],[-4,25],[-17,16],[-2,28],[-20,30],[1,45],[-12,25],[-28,40],[-12,17],[-4,30],[-15,33],[-21,30],[-15,28],[-16,22]],[[1395,4055],[37,18],[7,1],[8,-4],[8,-7],[4,0],[9,5],[6,-5],[12,-3],[9,8],[9,-1],[7,-10],[7,-4],[13,2],[7,6],[9,7],[11,0],[17,-1],[8,4],[8,11],[8,3],[12,9],[25,18]],[[1636,4112],[23,-16],[11,-7],[4,-7],[4,-15],[9,-11],[15,-11],[12,-6],[9,0]],[[2317,4261],[9,7],[8,7],[5,7],[3,5],[8,0],[3,-1],[0,-8],[0,-6],[4,0],[6,2],[4,1],[7,4],[9,-1],[6,-3],[4,-5],[4,-13],[3,-15],[3,-19],[5,-10],[6,-8],[5,-5],[10,-9],[6,-6],[0,-6],[1,-6],[4,-2],[6,-1],[5,-4],[4,-9],[-4,-5],[-2,-7],[1,-7],[5,-8],[10,-2],[9,4],[14,-1],[11,-3],[9,-1],[10,3],[2,7],[-4,5],[-5,5],[-3,5],[0,9],[5,2],[8,-1],[4,-5],[15,-1],[4,4],[5,5],[4,7],[5,5],[9,3],[4,3],[2,5],[-1,4],[-4,4],[-3,5],[2,5],[5,2],[4,-3],[8,-6],[11,-2],[7,1],[5,6],[3,7],[7,3],[7,4],[0,4],[0,6],[1,9],[0,6],[1,4],[3,7]],[[2629,4254],[6,3],[7,0],[5,1],[4,8],[2,9],[3,5],[4,3],[4,3],[5,6],[6,1],[7,-2],[0,-5],[9,-6],[5,1],[4,5],[10,4],[10,0],[4,6],[2,5],[0,7],[-2,3],[-4,4],[-5,5],[1,5],[1,10],[4,4],[5,1],[8,-1],[7,2],[3,2],[1,4],[-3,8],[-6,5],[-5,8],[-3,8],[1,9],[1,8],[4,6],[6,4],[2,0],[2,-1],[8,-10],[9,-12],[6,-7],[3,-9],[4,-6],[7,-3],[8,-8],[10,-10],[2,-10],[-1,-8],[1,-9],[4,-7],[7,-5],[24,-7],[15,0],[7,-3],[9,-6],[4,-6],[2,-8],[6,-4],[6,-3],[1,-4],[-3,-4],[-6,0],[-15,1],[-15,4],[-5,-1],[-3,-4],[1,-7],[3,-4],[6,-10],[0,-4],[10,-12],[0,-6],[3,-3],[6,-5],[4,-6],[1,-14],[0,-11],[7,-8],[11,-12],[12,-12],[4,-12],[1,-12],[1,-10],[9,-10],[3,-12],[2,-9],[0,-4],[-2,-7],[-3,-4],[1,-9],[8,-10],[12,-3],[18,2]],[[2957,4039],[6,-26],[1,-24],[12,-17],[-4,-25],[-1,-20],[-33,-85],[7,-72],[50,-85],[-6,-22],[-26,-27],[5,-27]],[[2968,3609],[-11,-17],[-18,8],[-18,4],[-25,12],[-11,-13],[-51,33],[-34,-9],[-11,33],[-8,10],[-57,44],[-5,23],[-21,-1],[-24,23],[-13,-26],[-39,30],[-23,1],[-22,4],[-49,33],[-11,12],[-15,7]],[[1070,5016],[30,10],[9,4],[15,1],[14,1],[5,-3],[12,-7],[8,4],[8,2],[14,-6],[7,-3],[7,-3],[17,-10],[-4,-9],[-13,-10],[-7,-7],[-3,-13],[6,-10],[14,-12],[16,-3],[11,3],[11,-3],[5,-8],[5,-15],[-3,-16],[8,-8],[3,4],[4,8],[6,8],[12,-6],[10,-17],[5,-11],[6,-10],[15,-10],[8,2],[10,9],[2,13],[16,7],[10,-1],[9,-10],[3,-13],[6,-13],[19,-24],[13,-23],[2,-13],[12,-12],[3,-16],[-6,-3],[-6,-6],[1,-10],[-9,-16],[-7,-10],[-9,-3],[-7,-3],[1,-6],[12,-1],[15,0],[12,0],[13,-3],[6,-9],[2,-13],[-2,-11],[-8,-9],[-4,-10],[-3,-15],[-2,-12],[-3,-12],[1,-12],[7,-13],[8,-7],[11,-13],[10,-8],[6,-7],[0,-11],[-6,-7],[0,-11],[3,-10],[0,-9],[0,-14],[-10,-2],[-14,10],[-11,-6],[-7,-10],[-11,-1],[-18,-3],[-4,-13],[9,-15],[14,-15],[14,-16],[6,-13],[-1,-14],[2,-12],[-4,-10],[0,-14],[5,-11],[4,-10],[6,-13],[25,-16],[16,-7],[10,-7],[10,-14],[4,-15],[6,-12],[9,-6],[12,-4],[10,-1],[9,-6],[15,-17],[11,-11],[9,-13],[9,-20],[1,-18],[0,-14],[10,-20],[18,-12]],[[1395,4055],[-4,4],[-39,69],[-24,35],[-1,14],[4,25],[-12,18],[-10,-6],[-15,9],[-24,21],[-16,21],[-44,86],[11,16],[-7,19],[3,22],[-22,20],[0,24],[-8,19],[-7,11],[-3,4],[-1,-4],[-15,2],[-29,34],[5,33],[-14,35],[-9,16],[-10,47],[-14,12],[-10,12],[6,14],[0,17],[-22,47],[-20,62],[-25,10],[-2,19],[-8,25],[-16,28],[-16,41],[14,-2],[8,-5],[11,0],[9,11],[37,18],[12,3],[21,-19],[20,-12],[13,-1],[-2,16],[-9,15],[-35,30],[-6,26]],[[1070,5016],[-11,27],[-16,33]],[[1043,5076],[33,-10],[26,-13],[31,2],[30,5],[6,15],[19,27],[86,5],[28,-8],[20,-23],[53,-53],[29,19],[7,-44],[1,-3],[14,-24],[34,-15],[38,-46],[49,-17],[82,-12],[18,-9],[16,-17],[25,-15],[13,-26],[-6,-22],[20,-7],[15,15],[27,3],[15,-16],[3,-17],[40,-71],[73,-69],[7,-14],[17,-12],[41,-30],[24,-24],[15,-27],[15,-15]],[[2578,4742],[-13,-1],[-8,0],[-20,-5],[-2,-11],[0,-16],[9,-15],[7,-8],[-1,-21],[-1,-10],[6,-7],[5,-6],[5,-10],[-4,-19],[4,-6],[10,-8],[-1,-10],[-6,-11],[-17,-6],[-15,0],[-9,0],[-12,0],[-9,-8],[-3,-18],[-10,-6],[-7,-17],[1,-9],[7,-9],[0,-13],[-5,-6],[-2,-7],[2,-8],[6,-9],[0,-6],[0,-11],[-1,-13],[-1,-19],[7,-8],[4,-9],[-3,-7],[4,-8],[5,-4],[6,-6],[1,-9],[0,-10],[5,-4],[8,-5],[4,-7],[0,-12],[-4,-11],[0,-12],[9,-4],[9,1],[9,1],[6,-4],[2,-8],[12,-8],[15,-4],[10,4],[5,0],[5,-6],[2,-7],[6,-8],[9,-4]],[[2078,4631],[10,15],[7,18],[-10,9],[-1,21],[-10,9],[-6,20],[3,27],[-10,6],[6,22],[8,15],[-29,26],[-5,22],[0,19]],[[2041,4860],[10,-2],[7,-18],[5,-7],[17,-7],[20,4],[49,20],[23,16],[20,15],[11,-7],[33,-34],[7,-12],[35,12],[33,41],[17,17],[26,-21],[13,-23],[6,39],[46,-4],[18,9],[11,46],[17,0],[-4,-25],[17,1],[32,8]],[[2510,4928],[17,-22],[7,-11],[-4,-6],[-10,-7],[-12,-9],[-8,-9],[5,-10],[11,-6],[5,-7],[-7,-6],[-12,-12],[-1,-9],[5,-11],[11,-2],[10,1],[6,4],[10,6],[10,-4],[14,-5],[7,-9],[10,-12],[5,-9],[1,-12],[-3,-10],[-9,-9]],[[2981,4132],[-2,-1],[-15,-27],[7,-29],[-14,-36]],[[2578,4742],[10,-16],[9,-18],[3,-13],[4,-15],[13,-15],[4,-13],[-2,-12],[-6,-9],[-3,-7],[5,-11],[1,-16],[0,-8],[5,-8],[16,-7],[10,0],[11,3],[7,5],[8,4],[13,-7],[6,-8],[15,-1],[13,5],[16,-1],[13,6],[7,12],[13,3],[12,-5],[10,-2],[8,0],[10,-7],[5,-12],[20,-24],[12,-16],[2,-7],[9,-4],[21,0],[4,10],[-1,7],[12,16],[9,3],[14,-1],[7,-1],[14,-1],[6,0],[12,3],[12,6]],[[2967,4560],[9,-5],[5,-4],[0,-5],[-1,-5],[-7,0],[-10,-1],[-6,-1],[-6,-5],[-10,-9],[-6,-7],[-9,-6],[-4,-4],[-4,-10],[-5,-7],[-6,-8],[-3,-5],[0,-5],[6,-5],[7,-4],[6,-10],[1,-7],[11,-19],[-1,-14],[-11,-6],[-7,-2],[-1,-15],[0,-14],[0,-15],[-2,-14],[3,-14],[3,-7],[4,-6],[4,-17],[-5,-7],[-8,0],[-10,-5],[2,-18],[2,-19],[-1,-9],[0,-11],[-2,-17],[-5,-23],[2,-9],[8,-5],[3,5],[2,-10],[7,0],[8,5],[6,0],[13,-9],[9,-3],[8,0],[10,-3],[3,-11],[2,-11],[0,-12]],[[2901,5851],[-9,1],[-8,10],[-10,3],[-11,-2],[-13,-5],[-6,5],[-18,6],[-12,-4],[-8,-14],[-2,-12],[2,-13],[-6,-20],[-3,-33],[0,-5],[-1,-14],[-1,-20],[-5,-10],[-11,-19]],[[2779,5705],[-15,-2],[-13,-5],[-8,-8],[-12,-11],[-10,-6],[-11,5],[-10,-1],[-5,-3],[-11,5],[-7,14],[-3,16],[-3,26],[3,9],[3,8],[7,14],[-4,24],[0,14],[0,10],[5,9],[0,9],[-8,18],[3,7],[6,8],[0,10],[-12,4],[-10,5],[-4,9],[-3,7],[-13,3],[-6,-3],[-15,2],[-9,11],[-8,3],[-6,-1],[-3,10],[8,14],[14,7],[13,-3],[7,-2],[9,7],[-4,11],[-6,3],[-8,6],[-4,8],[-12,3],[-10,-6],[-9,-11],[-6,-14],[-5,-9],[-9,-6],[-7,-11],[-1,-8],[-3,-16],[-4,-10],[-9,-13],[-6,-3],[-4,8],[-5,9],[-1,8],[-6,12],[-5,13],[-5,10],[-6,12],[-10,9],[-15,21]],[[2488,5974],[-11,26],[-5,8],[-6,9],[0,8],[5,7],[0,6],[-4,7],[-6,8],[-6,4],[-10,-1],[-9,-5],[-8,2],[-4,2],[-7,2],[-10,-4],[-9,3],[-7,7],[1,2],[-2,9]],[[2390,6074],[18,21],[13,7],[8,3],[10,8],[8,9],[5,1],[16,1],[17,5],[5,10],[-1,12],[-3,17],[5,22],[12,16],[0,7],[-1,15],[-1,16],[1,13],[9,11],[11,10],[11,8],[10,4],[9,7],[0,12],[1,10],[0,18],[6,17],[-2,10],[-1,19],[-1,24],[1,21]],[[2556,6428],[18,2],[18,12],[18,-18],[16,-7],[26,-30],[26,-1],[33,17],[3,-14],[65,-13],[23,2],[22,-11],[23,2],[51,-13],[27,-19],[23,-26],[16,-25],[32,-21],[76,-22]],[[3072,6243],[-10,-10],[-7,-8],[-10,-12],[-10,-7],[-11,-5],[-9,-9],[-3,-15],[-2,-16],[-1,-9],[-12,-9],[3,-15],[6,-7],[5,-10],[-1,-11],[-12,-13],[-16,-4],[-8,-8],[5,-6],[7,-4],[6,-7],[-1,-12],[4,-12],[-1,-29],[12,-13],[8,-7],[-1,-6],[-15,-10],[-14,2],[-6,-5],[-8,-3],[-12,1],[-12,5],[-12,-7],[-12,-17],[6,-19],[4,-10],[11,-14],[3,-13],[-8,-20],[-9,-16],[-15,-7],[-13,5]],[[2173,6045],[-7,4],[-11,4],[-9,4],[-3,5],[2,8],[4,15],[-8,5],[-11,-3],[-10,-5],[-6,0],[-7,1],[-6,-6],[-7,-7],[-9,-1],[-9,10]],[[2076,6079],[2,5],[6,4],[7,6],[2,5],[-1,6],[-8,13],[0,9],[-5,5],[-9,-6],[-9,-4],[-11,0],[-6,2],[3,7],[9,8],[14,9],[12,18],[8,13],[18,21],[6,9],[13,13],[12,16],[8,9],[5,9],[-7,7],[-6,-1],[-11,-10],[-8,2],[-7,7],[-4,12],[0,10],[0,13],[4,6],[1,2],[2,13],[6,9],[6,14],[0,13],[-5,12],[-10,6],[-13,-7],[-12,-4],[-14,2],[-8,7],[4,7],[11,19],[2,15],[2,18],[-1,13],[1,17],[6,6],[17,5],[16,10],[10,8],[5,10],[1,17],[1,13],[12,9],[3,12],[3,14],[7,14],[13,8],[14,5],[10,10],[12,6],[8,5],[1,11],[-8,6],[-3,9],[0,8],[3,11],[5,7],[10,14]],[[2231,6676],[31,-55],[19,-20],[86,-52],[38,-11],[20,-59],[25,-5],[21,10],[29,-14],[25,-21],[13,-19],[18,-2]],[[2390,6074],[-11,-4],[-12,-4],[-9,-9],[-5,-10],[-12,-9],[-22,2],[-1,13],[6,11],[10,8],[12,9],[11,4],[3,8],[-22,4],[-30,-3],[-6,-3],[-12,-14],[-6,-1],[-1,11],[0,12],[0,13],[2,13],[3,14],[-6,17],[-7,0],[-16,-5],[-10,-2],[-16,-8],[-9,-10],[1,-8],[2,-7],[-2,-7],[-8,-4],[-12,-1],[-8,-8],[1,-11],[1,-13],[-5,-8],[-21,-19]],[[1710,5760],[-1,22],[-5,5],[-6,2],[-4,1],[-2,9],[-1,7],[-4,2],[-4,1],[-8,9],[1,12],[0,8],[-6,6],[-5,0],[-4,-3],[-9,-6],[-8,2],[-8,4],[-20,18],[-5,5],[-8,1],[-5,-5],[-5,-3],[-7,3],[-6,6],[-7,-2],[-4,-7],[-5,-3],[-8,4],[-2,7],[-3,2],[-6,4],[-3,5],[-1,5],[-4,4],[-11,1],[-3,-4],[-2,-10]],[[1521,5872],[-11,-7],[-7,-5],[-12,-2],[-5,4],[-3,8],[0,8],[-6,12],[-1,4],[-2,10],[-3,9],[-5,4],[-5,4],[-3,10],[0,12],[-4,12],[-4,6],[-3,10],[-8,8],[-6,7],[-4,8],[-4,12],[4,9],[9,1],[7,0],[2,3],[-1,5],[-5,6],[-5,7],[-7,13],[-5,5],[-10,0],[-9,9],[-4,8],[-11,0],[-7,0],[-10,3],[-10,7],[-8,8],[-4,14],[-2,14],[-4,4],[-11,11],[-10,10],[-5,11],[5,6],[12,-6],[12,-13],[13,-7],[11,-8],[16,-8],[14,-14],[13,-6],[20,-5],[8,0],[18,-9],[15,-4],[12,7],[10,7],[13,11],[11,6],[17,11],[10,0],[14,0],[12,-2],[8,4],[2,12],[-6,7],[-8,8],[-3,17],[1,9],[7,11],[6,10],[4,22],[5,17],[2,8],[7,9],[-2,10],[-2,10],[4,11],[-3,9],[-10,-1],[-9,-5],[-7,-8],[-5,-11],[-4,-1],[-7,13],[-2,8],[0,13],[0,9],[4,20]],[[1557,6331],[19,0],[35,-12],[20,7],[24,13],[24,26],[15,-25],[5,-23],[10,1],[14,9],[5,20],[-17,51],[9,42],[4,39],[-4,23],[-15,15],[-26,13],[-16,13],[-4,19],[-14,34],[-4,55],[-7,18],[14,18],[7,14],[3,22],[9,18],[1,10],[-9,20],[-4,19],[-9,10],[31,12],[37,30],[24,15],[20,18],[16,18],[16,31],[8,23]],[[1798,6947],[9,6],[57,-6],[35,3],[14,-4],[9,-48],[15,-21],[19,6],[6,-4],[26,-23],[8,-15],[4,-25],[24,-60],[21,-8],[21,9],[24,-10],[25,-5],[16,-12],[24,-23],[29,-1],[22,4],[25,-34]],[[2076,6079],[-6,-9],[-5,-4],[-4,-2],[-7,3],[-8,9],[-7,3],[-8,2],[-3,6],[-1,9],[-1,16],[-13,3],[-12,0],[-13,-1],[-3,5],[1,9],[-12,1],[-9,2],[-11,-12],[3,-10],[5,-3],[5,-6],[0,-8],[-7,-6],[-9,-8],[-14,-7],[-6,-8],[-2,-7],[-2,-4],[-12,-1],[-4,-4],[-4,-6],[-5,-5],[-5,8],[-7,-2],[-10,1],[-7,-1],[-9,-6],[-24,-11],[-19,7],[-6,9],[-11,16],[-11,3],[-11,6],[-4,6],[-7,1],[-5,-6],[-12,-9],[-11,-2],[-10,-1],[-1,-14],[-1,-16],[-11,-21],[-10,-13],[-10,-11],[-12,-8],[-8,-10],[7,-6],[10,2],[10,-6],[13,2],[3,7],[3,6],[8,1],[5,-9],[0,-20],[2,-6],[2,-8],[3,-2],[7,-2],[2,-4],[1,-9],[13,-12],[6,-8],[0,-6],[-2,-8],[3,-5],[7,-11],[7,-7],[-5,-12],[-6,-8],[-9,3],[-12,5],[-5,3],[-3,10],[-7,14],[-3,13],[-3,10],[-12,5],[-7,1],[-6,1],[-9,5],[-7,5],[-6,-1],[4,-10],[7,-8],[4,-3],[5,-5],[0,-10],[6,-5],[6,-9],[7,-11],[7,-10],[5,-7],[4,-8],[0,-9],[0,-11],[7,-9],[6,-8],[0,-4],[-6,-2],[-3,-1],[-8,-6],[-8,-1],[-5,-3],[-11,-5],[-7,0]],[[2173,6045],[5,-7],[6,-1],[10,-3],[5,-5],[-2,-5],[-9,-5],[-11,0],[-8,0],[-6,-4],[-2,-8],[-1,-13],[-1,-12],[-5,-8],[-6,-9],[5,-9],[6,-2],[8,6],[6,4],[8,0],[6,-3],[7,-9],[3,-12],[6,-6],[6,12],[8,3],[9,10],[1,8],[7,7],[3,-2],[11,-1],[4,-6],[-1,-12],[-5,-8],[-10,-11],[-8,-10],[-14,-10],[-13,-3],[-9,-2],[-4,-5],[-7,-8],[-5,-2],[-17,-2],[-8,-10],[-2,-11],[-3,-21],[-6,-12],[-1,-7],[-5,-14],[-7,-8],[-6,-8],[-7,-21],[-2,-4],[-4,7],[-9,11],[-3,11],[-5,10],[-5,1],[-9,-8],[-8,-2],[-4,0],[-10,-2],[-8,-14],[-1,-12],[-1,-8],[-4,-11],[0,-8],[0,-7],[-6,-7],[-3,-9],[-3,-8],[-1,-10],[-7,-5],[-7,-8],[-5,-6],[-6,-4],[-12,-2],[-14,-1],[-9,-6],[-9,-10],[-10,-12],[2,-7],[2,-6],[-4,-4],[-7,-3],[-9,-12],[4,-9],[7,-4],[5,-6],[0,-12],[0,-9],[-6,-9],[-5,-12],[-4,-16],[-5,-11],[-8,-6],[-9,-8],[-3,-14],[4,-5],[9,-8],[2,-8],[-7,-8],[-7,-7],[-13,-7],[-5,-2]],[[1892,5463],[-17,23],[-7,13],[-4,12],[-8,8],[-1,14],[0,17],[-5,9],[-8,10],[-8,9],[-5,11],[-10,12],[-5,5],[-7,-1],[-5,-5],[-6,-12],[-6,-6],[-6,0],[-5,17],[-1,8],[-3,13],[-5,8],[-4,4],[-12,2],[-4,1],[-3,4],[9,9],[3,7],[-2,9],[-5,7],[-7,6],[-9,0],[-7,3],[-7,11],[0,8],[0,9],[-2,7],[-6,8],[0,8],[4,6],[-8,6],[-1,7],[1,10]],[[1956,5333],[-1,14],[-6,16],[-8,17],[-8,10],[-9,23],[-4,10],[-8,15],[-5,10],[-15,15]],[[2488,5974],[-26,-12],[-12,-8],[-12,-12],[-5,-12],[-6,-17],[0,-11],[0,-16],[0,-15],[-1,-19],[-17,-15],[-10,-3],[-10,10],[-1,9],[-10,10],[-10,-1],[-8,-5],[-5,-11],[-6,-15],[-1,-12],[2,-11],[5,-11],[3,-4],[1,-8],[-7,-17],[-5,-12],[-4,-15],[-6,-11],[-8,-10],[-9,-3],[-11,-1],[-8,-3],[-8,-10],[-19,-23],[-10,-5],[-10,-2],[-8,-9],[1,-5],[6,-12],[1,-18],[8,-7],[2,-10],[10,-11],[16,1],[9,3],[11,7],[22,3],[17,-3],[13,-8],[20,-21],[8,-10],[5,-16],[1,-18],[7,-18],[11,-22],[6,-10],[-2,-5],[-30,-6],[-12,-1]],[[2376,5477],[-6,-10],[-9,-1],[-9,-1],[-17,-2],[-13,-9],[-18,-2],[-14,-1],[-15,5],[-16,1],[-13,-4],[-13,-8],[-18,-1],[-17,-1],[-10,-8],[-16,-3],[-23,-3],[-18,-6],[-22,-5],[-20,-1],[-16,-1],[-16,-9],[-14,-15],[-13,-17],[-17,-10],[-5,2],[-10,-1],[-11,-8],[-8,-11],[-13,-8],[-10,-6]],[[2779,5705],[6,-12],[0,-23],[-1,-8],[-5,-7],[-7,-11],[2,-8],[6,-6],[15,1],[10,4],[6,-2],[-6,-7],[-14,-4],[-13,-2],[-7,-10],[-11,-10],[-7,-13],[-2,-8],[-7,-14],[-13,2],[-3,18],[-13,7],[-19,-3],[-9,-9],[3,-11],[6,-12],[-1,-22],[-6,-25],[0,-19],[-3,-37],[-1,-8],[-8,-2],[0,-9],[4,-10],[-5,-12],[-2,-16],[1,-14],[-9,-10],[-12,-2],[-7,-7],[-3,-16],[-2,-14],[-5,-11],[-11,-12],[-2,-25],[-4,-13],[-5,-12],[-5,-14],[3,-15],[15,-12],[12,-6],[8,-9],[-2,-6],[-8,-8],[1,-7],[-4,-8],[-12,1],[-9,-2],[-10,-11],[-10,-2],[-7,5],[-13,3],[-12,6],[-5,7],[-1,5],[-13,3],[-14,5],[-12,0],[-12,0]],[[2505,5196],[-17,9],[-10,14],[-8,9],[-13,14],[-7,10],[-6,15],[-2,13],[-13,22],[-25,31],[-3,15],[-3,22],[0,13],[5,12],[7,9],[1,14],[-6,12],[-12,6],[-7,3],[-6,9],[-1,11],[-3,18]],[[2528,5004],[22,-37],[-3,-19],[-16,-2],[-11,18],[-17,8],[-11,-14],[18,-30]],[[2041,4860],[-13,21],[-5,12],[0,9],[1,11],[4,13],[4,15],[-1,8],[-6,9],[-17,7],[-9,1],[-16,1],[-7,5],[-1,9],[-9,3],[-22,3],[-11,2],[-9,15],[-16,14]],[[1908,5018],[-12,16],[-11,13],[-3,7],[8,7],[8,3],[5,9],[1,11],[6,14],[11,1],[6,-2],[14,1],[13,-7],[18,-2],[16,4],[-1,8],[-8,13],[2,21],[6,18],[15,16],[9,17],[1,18],[-10,22],[-9,12],[-9,15],[-10,21],[-8,8],[-6,2],[-6,3],[-6,6],[-5,15],[6,9],[6,7],[1,9]],[[2505,5196],[3,-17],[2,-9],[4,-6],[4,-6],[1,-11],[-1,-12],[0,-9],[5,-8],[6,-7],[-4,-5],[-9,-4],[-10,-2],[-7,2],[-4,-4],[-1,-7],[-2,-8],[-3,-4],[-5,-4],[4,-3],[5,-2],[5,-2],[0,-8],[4,-5],[2,-3],[-1,-4],[-5,-7],[4,-2],[6,-4],[0,-7],[2,-7],[3,-6],[15,-11]],[[902,5388],[21,10],[11,2],[14,-1],[13,-7],[7,-2],[9,5],[3,10],[0,9],[2,13],[11,6],[8,5],[11,-1],[11,2]],[[1023,5439],[13,-6],[15,-7],[12,-6],[12,-6],[12,2],[5,4],[9,0],[7,-5],[1,-13],[2,-8],[2,-10],[1,-10],[1,2],[7,9],[0,10],[5,8],[5,3],[7,-10],[6,-2],[8,0],[14,-5],[1,-3],[-1,-6],[-7,-7],[-1,-7],[-1,-10],[0,-11],[6,-5],[3,1],[7,6],[4,5],[8,0],[1,-9],[-1,-8],[0,-13],[3,-9],[7,-4],[2,5],[0,12],[2,12],[4,5],[8,-5],[6,-12],[3,0],[10,13],[-2,19],[0,17],[1,9],[6,2],[11,-1],[7,-9],[1,-10],[-6,-11],[-3,-11],[-1,-11],[3,-8],[6,7],[8,13],[5,7],[10,2],[5,-2],[-5,-7],[-3,-7],[5,-4],[9,3],[9,3],[6,-4],[0,-12],[-4,-7],[6,-8],[6,2],[3,5],[7,0],[10,1],[0,7],[-1,8],[4,6],[6,2],[2,3],[6,5],[6,-4],[5,-2],[19,-1],[12,1],[6,-9],[5,-10],[3,0],[3,5],[5,10],[4,6],[7,1],[4,-8],[5,-8],[5,4],[9,5],[16,1],[15,-6],[11,-8],[10,-6],[14,-7],[11,-3],[19,-6],[18,-8],[7,-7],[12,-7],[11,-3],[9,-5],[6,-5],[5,-10],[6,-7],[9,-3],[14,-3],[20,0],[16,-9],[6,-9],[5,-15],[2,-11],[-1,-10],[-9,-1],[-14,2],[-11,5],[-16,9],[-19,16],[-7,9],[-8,6],[-8,0],[-8,-4],[-15,-11],[-12,-6],[-16,-7],[-27,1],[-3,4],[0,7],[3,5],[1,5],[-6,1],[-9,-4],[-15,-9],[-11,-7],[-8,-11],[-9,-5],[-4,-7],[5,-5],[4,-8],[-3,-6],[0,-7],[5,-11],[16,-3],[3,8],[6,7],[6,-4],[8,-3],[11,7],[10,-1],[11,-8],[9,-2],[8,-8],[16,-2],[1,-3],[-3,-6],[9,-12],[5,-18],[-2,-7],[-3,-7],[3,-10],[-3,-2],[-12,4],[-16,7],[-3,5],[1,10],[-5,4],[-4,-2],[-1,-10],[-5,-14],[-10,3],[-9,2],[-6,-4],[-9,0],[-5,-5],[-1,-10],[-6,-4],[-4,-3],[0,-13],[17,-18],[11,-6],[7,-20],[3,-15],[7,-20],[4,-18],[9,-4],[13,13],[15,29],[7,16],[11,8],[10,1],[9,-2],[5,4],[9,2],[5,-14],[3,-13],[8,-13],[10,0],[22,22],[1,33],[7,6],[14,5],[2,7],[0,8],[17,0],[11,-2],[14,3],[8,11],[8,9],[7,1],[3,-14],[7,-7],[4,-11],[1,-11],[7,-2],[10,3],[12,4],[8,-7],[8,-6],[16,5],[12,3],[15,-8],[48,-12]],[[1043,5076],[-16,35],[-20,54],[-15,20],[-39,91],[-28,38],[-19,42],[-4,32]],[[1023,5439],[2,7],[6,16],[5,3],[3,5],[3,10],[9,1],[10,-5],[25,1],[4,7],[0,8],[-14,3],[-10,3],[-1,7],[5,3],[-3,10],[-9,2],[-9,4],[-3,7],[4,15],[10,2],[12,-4],[11,0],[12,-4],[3,12],[0,7],[-3,2],[-9,4],[-19,3],[-12,1],[-3,8],[6,5],[15,2],[19,0],[5,3],[-10,10],[-13,0],[-17,1],[-5,3],[1,12],[7,2],[19,0],[7,1],[4,6],[1,8],[0,9],[2,8],[0,6],[-3,6],[-26,5],[0,9],[12,4],[20,-1],[9,4],[0,6],[-3,1],[1,13],[11,-1],[11,6],[0,9],[-13,2],[-14,0],[-16,3],[-10,6],[7,12],[10,4],[18,-1],[6,9],[-3,0],[-8,3],[-6,-2],[-5,10],[8,1],[-1,8],[-10,7],[-7,1],[-10,5],[4,8],[13,5],[1,7],[-9,11],[2,21],[2,11],[-3,20],[2,9],[-4,7],[-4,8],[1,12],[3,6],[9,3],[2,11],[-1,11],[-4,16]],[[1085,5948],[17,-26],[4,-13],[4,-11],[4,-15],[5,-15],[7,-11],[8,-6],[10,-6],[6,-5],[-2,-10],[3,-12],[6,-4],[12,1],[9,3],[14,0],[16,-1],[11,14],[15,9],[10,-6],[5,-2],[2,12],[-5,13],[-4,15],[0,10],[-11,25],[-6,8],[-10,16],[-4,18],[1,7],[-1,11],[0,13],[1,11],[5,9],[0,10],[-1,11],[4,8],[10,2],[9,-4],[7,-10],[-1,-11],[-1,-14],[6,-5],[8,-5],[10,-17],[-2,-16],[2,-13],[4,-7],[8,-11],[6,-11],[9,-11],[6,-3],[6,-3],[-1,-6],[1,-8],[5,-5],[10,-3],[13,2],[8,1],[6,-3],[7,-8],[-2,-10],[-5,-5],[-5,-4],[-7,-5],[-2,-6],[2,-4],[2,-4],[5,-5],[8,-1],[7,-3],[3,-5],[-2,-4],[-9,-3],[-2,-5],[2,-8],[6,-9],[7,-3],[5,2],[6,2],[6,-4],[6,0],[6,-6],[12,-3],[13,-1],[9,2],[14,2],[10,1],[5,-7],[-2,-7],[-10,-6],[-19,-9],[-17,-6],[-4,-6],[-11,-5],[-6,-7],[2,-11],[5,-12],[10,-10],[7,-6],[20,0],[14,-2],[15,-1],[5,3],[7,10],[9,7],[13,-1],[9,0],[11,16],[0,12],[6,3],[4,12],[-2,8],[-2,8],[4,6],[13,-6],[6,-6],[10,-4],[13,10],[-1,11],[-4,7],[-13,2],[-7,4],[-5,8],[-1,9],[7,0],[10,-5],[13,1],[3,7],[-7,13],[-12,12],[-6,5],[-10,9],[-4,7],[-3,7],[-1,7],[-2,8],[-2,6]],[[1085,5948],[-8,18],[-1,21],[3,9],[5,3],[6,5],[0,8],[-10,10],[-2,11],[3,11],[4,5],[1,10],[-2,8],[-6,6],[-12,5],[-10,8],[-10,2],[-13,7],[-12,9],[-9,13],[-10,17],[-11,18],[-6,6],[-8,9],[-5,16],[0,30],[1,9],[-8,10],[-2,11],[2,7],[6,7],[5,3],[4,-5],[8,-10],[4,1],[3,10],[13,23],[8,8],[1,12],[-1,16],[0,18],[-3,13],[-3,9],[-11,6],[-8,8],[-9,11]],[[982,6380],[-5,15],[5,6],[10,7],[3,14],[4,13],[11,-4],[10,-11],[11,-9],[10,-12],[5,-15],[6,-6],[3,6],[3,7],[7,4],[10,8],[3,14],[14,2],[7,1],[3,6],[1,11],[-8,8],[-7,5],[0,8],[9,-1],[0,5],[0,13],[7,2],[8,-4],[14,-11],[10,2],[10,-1],[11,2],[10,6],[14,-2],[10,-10],[12,-16],[9,-12],[13,-9],[12,-8],[7,4],[0,12],[1,13],[0,14],[7,11],[12,20]],[[1264,6488],[30,-5],[19,-17],[72,18],[18,9],[24,0],[22,-10],[18,-18],[33,-19],[28,-6],[15,-21],[2,-36],[7,-26],[-5,-27],[10,1]],[[902,5388],[-48,40],[-23,13],[-4,3],[-6,7],[-28,1],[-16,10],[-28,3],[-15,27],[-64,4],[-25,5],[-30,12],[-31,18],[-28,21],[-23,23],[-14,20],[-21,19],[-16,24],[-23,24],[-6,4],[-11,4]],[[442,5670],[-6,13],[0,12],[6,8],[9,2],[11,-9],[6,-11],[3,-6],[6,-2],[14,-3],[13,-2],[10,0],[17,1],[19,0],[16,2],[15,0],[12,-6],[6,-8],[10,-13],[25,-18],[12,-1],[12,-2],[14,0],[11,6],[4,6],[3,8],[4,6],[10,5],[11,-6],[7,-3],[18,2],[6,5],[-1,9],[-7,8],[0,16],[1,8],[-7,3],[-6,0],[-14,3],[-6,6],[-5,10],[-1,10],[0,9],[-6,12],[-5,0],[-9,-3],[-10,0],[-7,8],[3,7],[7,7],[12,7],[11,4],[0,5],[-7,8],[-6,8],[0,15],[3,7],[0,7],[-13,6],[0,4],[-11,7],[-4,0],[-9,-2],[-6,1],[-6,6],[-5,8],[1,15],[1,15],[0,15],[-4,7],[-6,5],[-8,3],[-12,8],[-7,0],[-8,-3],[-2,-6],[-3,-4],[-8,0],[-4,10],[-4,10],[-8,5],[-10,-2],[-7,-12],[-10,-13],[-9,-9],[-10,-6],[-10,-4],[-5,2],[-1,12],[9,17],[10,15],[10,12],[13,10],[15,2],[13,2],[11,11],[8,9],[12,9],[10,-1],[17,-6],[13,3],[12,6],[9,1],[5,-4],[1,-11],[1,-12],[6,-3],[9,3],[9,4],[6,-4],[3,-20],[-2,-12],[3,-8],[9,-1],[10,5],[16,-2],[5,-9],[4,-7],[5,2],[8,1],[8,-5],[6,-12],[11,-13],[14,1],[8,3],[4,3],[17,8],[6,9],[11,6],[11,7],[8,9],[2,11],[-2,10],[-8,3],[-16,-12],[-7,-1],[-8,7],[-2,9],[6,8],[-1,7],[-6,8],[1,12],[7,14],[3,6],[-3,12],[-10,8],[-10,8],[-11,5],[-19,5],[-5,7],[5,8],[5,7],[2,13],[-2,11],[-5,11],[-6,14],[-6,6],[-14,4],[-13,0],[-5,7],[-4,5],[-4,4]],[[726,6153],[3,15],[7,15],[8,0],[9,-11],[9,-9],[14,-2],[12,3],[14,7],[17,13],[6,13],[-4,14],[-6,17],[2,15],[11,9],[17,3],[6,4],[-1,7],[-9,9],[-3,5],[7,6],[9,1],[13,-3],[7,0],[12,-2],[15,1],[2,0],[-1,7],[-12,13],[-7,6],[-7,9],[-2,17],[1,7],[3,4],[17,-11],[10,2],[14,4],[3,8],[4,14],[6,11],[11,3],[3,2],[6,5],[15,-4],[6,-4],[9,4]],[[442,5670],[-31,-4],[-37,-2],[-29,24],[-21,51],[-7,7],[-47,16],[-67,30],[-27,-2],[-43,-15],[-47,-12],[-32,-12],[-54,48],[96,59],[65,64],[53,56],[25,25],[17,66],[-23,48],[-21,12],[-89,22],[-4,18],[-6,28],[-1,88],[2,38],[2,17],[31,38],[20,10],[32,30],[7,2],[60,31],[27,4],[58,9],[91,25]],[[442,6489],[7,-23],[3,-8],[7,-5],[8,-6],[4,-7],[-6,-12],[-6,-13],[6,-10],[4,-14],[0,-21],[2,-26],[0,-21],[0,-12],[2,-10],[14,-2],[12,5],[6,7],[5,5],[4,0],[8,-5],[23,-4],[16,4],[4,9],[0,11],[-1,11],[4,9],[9,2],[7,-5],[5,-6],[7,-9],[8,-7],[7,0],[6,2],[3,4],[5,12],[1,18],[-1,13],[1,8],[12,11],[6,-2],[9,-1],[7,10],[6,2],[13,-1],[8,6],[10,4],[7,-6],[0,-8],[2,-9],[4,-6],[7,0],[7,4],[4,2],[11,0],[6,-5],[4,-8],[9,-8],[7,-6],[6,-24],[-3,-17],[-6,-12],[-16,-7],[-12,-2],[-16,-4],[-7,-12],[0,-8],[-5,-14],[-19,-1],[-18,-4],[-15,-3],[-10,-8],[-2,-9],[1,-14],[6,-11],[2,-7],[-4,-10],[5,-16],[8,-2],[12,-11],[9,-10],[45,-3]],[[442,6489],[44,39],[8,7],[19,37],[4,22],[55,74],[7,6],[23,31],[15,18],[42,49],[14,16],[52,66],[19,22],[64,56],[16,14],[114,40]],[[938,6986],[24,-28],[8,-18],[29,-11],[35,-7],[24,6],[21,-3],[15,-21],[36,-33],[27,-43],[16,-34],[45,-58],[7,-26],[-10,-23],[-6,-23],[23,10],[0,-9],[-6,-23],[-2,-32],[-8,-17],[2,-29],[31,-45],[15,-31]],[[938,6986],[12,4],[31,6],[18,19],[6,28],[-10,22],[-21,28],[-27,35],[-59,46],[-25,36],[-55,58],[-41,38],[-13,29],[1,48],[13,58],[40,76],[15,43],[-9,18],[39,57],[53,82],[9,14],[45,88]],[[960,7819],[13,-11],[8,-7],[3,-10],[-2,-6],[-4,-2],[-3,-6],[6,-8],[12,-4],[6,0],[6,-5],[3,-8],[-3,-5],[-6,-3],[-7,-2],[-2,-8],[3,-5],[6,-1],[8,1],[7,-3],[6,-6],[0,-7],[0,-15],[6,-8],[4,-7],[-1,-13],[2,-14],[4,-11],[-1,-7],[-2,-7],[-8,-2],[-6,-9],[3,-13],[2,-2],[5,0],[2,0],[0,-13],[-7,-7],[-9,-10],[-29,-10],[-9,-6],[-3,-9],[1,-6],[6,-6],[7,-7],[4,-12],[1,-12],[1,-12],[3,-9],[9,-12],[7,-14],[10,-8],[11,-4],[12,-11],[6,-11],[10,-7],[9,4],[10,13],[8,6],[7,-3],[3,-8],[9,-7],[3,4],[7,7],[18,-3],[8,3],[7,4],[17,8],[8,6],[5,5],[14,5],[17,-2],[18,1]],[[1229,7462],[0,-6],[6,-7],[6,1],[7,3],[9,5],[9,2],[10,-6],[19,-20],[9,-18],[6,-21],[8,-31],[11,-26],[11,-14],[11,-10],[9,-3],[14,-3],[17,0],[14,-1],[6,-2],[8,-10],[8,-6],[15,-1],[7,4],[9,7],[7,2],[10,-10],[0,-9],[-1,-11],[2,-19],[7,-12],[8,-19],[0,-11],[0,-12],[0,-12],[7,-5],[10,-2],[11,-8],[22,-16]],[[1541,7155],[-1,-18],[0,-8],[3,-12],[11,-14],[7,-8],[4,-9],[5,-11],[7,-11],[8,-8],[11,-7],[7,-1],[6,4],[6,4],[8,4],[15,-2],[17,-5],[20,-15],[9,-11],[7,-9],[15,-10],[9,1],[13,4],[7,-3],[7,-11],[7,-10],[9,-8],[13,-10],[27,-24]],[[960,7819],[5,37],[-4,14],[-28,27],[-27,22],[-20,29],[-7,37],[7,32],[17,33],[14,40],[11,75],[-5,53],[-37,44],[-43,90],[-35,63],[-55,44],[-52,36],[-29,12],[-19,9],[-16,15],[-22,21],[-8,10],[-33,49],[-14,39],[-2,11],[-6,31],[8,2],[11,12],[18,24],[5,22],[-10,32],[14,15],[14,22],[39,13],[36,4],[48,-11],[50,-3],[40,-18],[57,-31],[40,-33],[28,-28],[31,-48]],[[981,8666],[6,-19],[3,-9],[6,-6],[9,-6],[9,-5],[7,-6],[7,-8],[7,-7],[5,-9],[1,-8],[2,-8],[4,-8],[8,-6],[8,-1],[15,-7],[22,-23],[16,-7],[5,-11],[4,-12],[1,-11],[6,-14],[14,-12],[11,-9],[9,-7],[11,-7],[12,-4],[13,0],[6,0],[21,-4],[15,1],[12,2],[13,-3],[10,-8],[10,0],[16,-3],[14,-13],[13,-11],[7,-4],[16,-1],[11,3],[11,4],[8,7],[10,7],[15,0],[12,-1],[11,0],[12,-8],[1,-8],[-4,-6],[-8,-4],[-8,1],[-2,-5],[0,-13],[7,-12],[3,-5],[1,-6],[0,-5],[8,-8],[2,-9],[1,-10],[4,-11],[8,-8],[8,-2],[10,8],[14,9],[13,13],[9,7],[5,3],[12,-3],[11,-11],[5,-6],[6,-19],[-2,-13],[-8,-14],[-13,-14],[-13,-11],[-19,-11],[-12,-4],[-18,-10],[-12,-10],[-16,-14],[-18,-20],[-15,-19],[-7,-6],[-9,-13],[-6,-12],[-2,-22],[-5,-11],[-12,-10],[-11,-8],[-6,-5],[-8,-4],[-4,-5],[-3,-14],[-4,-15],[-2,-7],[-11,-3],[-8,-1],[-6,-6],[-4,-11],[-10,-7],[-12,-6],[-10,-8],[-9,-12],[-10,-17],[-2,-9],[-7,-9],[-10,-7],[-7,-5],[-6,-6],[-5,-11],[-1,-15],[4,-12],[7,-9],[3,-11],[1,-17],[0,-7],[-11,-11],[-9,-5],[-7,-4],[-6,-5],[-1,-9],[-2,-14],[0,-5]],[[1187,7780],[-4,-4],[-6,-5],[-1,-10],[-2,-10],[-6,-6],[-4,-3],[-2,-5],[2,-8],[5,-11],[9,-11],[13,-15],[8,-3],[10,-5],[5,-5],[3,-6],[1,-9],[1,-4],[5,-4],[5,-6],[0,-9],[-3,-7],[-4,-7],[1,-9],[2,-9],[5,-5],[7,-5],[6,-8],[1,-8],[1,-14],[1,-16],[-2,-14],[-3,-10],[-7,-8],[-6,-13],[-2,-11],[3,-35]],[[1187,7780],[5,-7],[5,-4],[7,-2],[7,2],[4,7],[5,3],[9,4],[9,-4],[9,-6],[7,-5],[15,-6],[17,0],[3,5],[4,4],[5,5],[10,0],[6,-5],[8,-6],[12,-5],[6,3],[2,8],[2,12],[8,10],[7,1],[6,3],[5,6],[2,4],[4,3],[10,0],[9,-5],[9,-8],[11,-11],[9,-6],[6,-7],[3,-6],[3,-11],[5,-10],[4,-7],[7,-3],[10,0],[11,5],[6,7],[3,10],[5,7],[6,6],[5,6],[-2,7],[-1,18],[-2,8],[-7,5],[-8,9],[-21,15],[-10,7],[-9,7],[-5,5],[4,12],[13,7],[16,8],[8,12],[11,6],[10,0],[14,-6],[10,-12],[8,-11],[9,-11],[11,-9],[14,-4],[11,4],[13,-1],[14,-2],[10,6],[4,7],[-2,12],[7,7],[12,7],[13,9],[13,10],[8,5],[8,12],[2,10],[-3,13],[-10,12],[-8,8],[-4,14],[0,10],[7,10],[14,10],[12,8],[16,5],[31,-4],[16,-2],[15,-2],[22,-11],[13,2],[14,-9],[14,-7],[12,-1],[23,-1],[12,0],[11,-4],[8,-2],[12,0],[14,-1],[9,-8],[13,-12],[9,-1],[9,-14],[-1,-13],[-3,-6],[9,-13],[11,-3],[19,-4],[7,-8],[5,-15],[11,-8],[13,-10],[9,-11],[3,-9],[10,-8],[21,0],[21,-5],[9,-4],[6,-10],[11,-9],[16,-1],[27,-8],[11,-1],[17,2],[14,8],[9,7],[19,-6],[7,-23],[-1,-7],[4,-12],[10,-21],[11,0],[5,-16]],[[2265,7735],[-36,-19],[-11,-7],[-8,-10],[-12,-11],[-14,0],[-9,-5],[-19,-21],[-7,-26],[0,-8],[-6,-19],[1,-13],[-1,-10],[-10,-11],[-4,-9],[-3,-11],[-8,-6],[-23,7],[-11,5],[-11,5],[-10,1],[-9,-7],[-7,-11],[-13,-7],[-13,-11],[-7,-12],[-17,-15],[-8,-11],[-17,-18],[-10,-6],[-12,-5],[-11,-7],[-16,-8],[-17,2],[-10,-4],[-5,-11],[3,-16],[7,-31],[0,-14],[-2,-9],[-3,-5],[-1,-8],[7,-5],[7,-1],[7,-5],[-1,-7],[-3,-8],[-3,-12],[1,-9],[5,-7],[17,-12],[10,-2],[6,6],[6,5],[5,1],[8,-2],[5,-18],[2,-1],[5,-6],[-2,-6],[-9,-7],[-8,-2],[-8,-3],[-6,-5],[-3,-8],[-4,-4],[-8,-4],[-7,7],[-12,6],[-9,-2],[-5,-6],[-6,-8],[-14,-1],[-12,0],[-5,-5],[-7,-2],[-10,2],[-2,6],[-3,9],[-3,4],[-8,-1],[-8,-4],[-10,-6],[-13,-2],[-7,16],[-8,11],[-18,-2],[-11,-9],[-5,0],[-10,-2],[-8,0],[-5,12],[-3,16],[-8,12],[-14,6],[-8,1],[-7,18],[-7,12],[-6,7],[-14,16],[-4,8],[1,12],[7,7],[11,9],[-5,19],[-17,5],[-9,-10],[-11,-7],[-20,0],[-11,-9],[-2,-13],[5,-6],[9,-5],[7,-9],[0,-9],[-6,-10],[-4,-11],[1,-18],[-4,-15],[-8,-12],[-11,-12],[-3,-17],[-2,-18],[0,-15],[-8,-23],[-13,-17],[-20,-11]],[[2265,7735],[21,-11],[10,3],[12,-5],[1,-8],[-1,-11],[2,-14],[11,-17],[7,0],[12,5],[18,7],[19,11],[16,3],[9,5],[6,8],[1,10],[10,12],[8,10],[8,8],[-4,11],[-6,7],[-10,13],[-5,15],[0,14],[-4,10],[-7,7],[-6,9],[-3,16],[5,13],[14,10],[22,23]],[[2431,7899],[27,-16],[37,-7],[81,34],[35,11],[37,7],[15,-3],[25,-28],[24,-6],[34,8],[75,-29],[53,-24],[9,-41],[21,-17],[-1,-29],[4,-25],[13,-14],[21,-6],[46,-5],[-8,-17],[-11,-42],[2,-27],[14,-15],[26,6],[31,16],[57,-27],[34,-8],[26,2],[47,11],[13,-13],[-2,-29],[-6,-25],[-17,-28],[19,-10],[23,-18],[28,49],[19,11],[24,21],[20,-9],[21,-1],[12,2],[30,-38],[13,12],[27,7],[32,-29],[10,-25],[19,-10],[21,-1],[17,5],[20,10],[18,3],[7,-27],[26,-16],[28,10],[24,12],[26,5],[22,-7],[-5,-15],[8,-19],[27,-6],[-10,-10],[-11,-26],[-16,-20],[-14,-29],[-6,-24],[-17,-23],[-9,-24],[6,-24],[11,-18],[18,-11]],[[3681,7220],[-15,-13],[-8,-6],[-28,-30],[-34,-24],[-33,-15],[-26,-31],[-3,-4],[-7,-32],[-23,-23],[-47,-23],[-4,-58],[4,-29],[8,-27],[-14,-20],[-12,-26],[-15,-10],[-41,2],[-15,-7],[11,-23],[19,-24],[29,-22],[14,-23],[8,-23],[22,-37],[-14,-15],[-23,-16],[9,-28],[2,-30],[-18,-30],[24,-44],[-12,-21],[-18,-26],[4,-11],[20,-6],[-20,-20],[4,-51],[-6,-20],[-15,-25],[-16,-23],[-19,-14],[-44,-50],[-7,-4],[-26,11],[-21,14],[-21,10],[-12,0],[-32,-7],[-16,-24],[-16,-15],[-16,-20],[-26,-3],[-22,3],[-19,10],[-23,6]],[[981,8666],[17,0],[19,3],[109,55],[12,1],[29,31],[21,17],[26,7],[11,6],[11,24],[7,25],[13,21],[43,10],[22,15],[12,23],[33,25],[12,15],[25,14],[11,10],[10,22],[16,62],[9,27],[-3,16],[40,11],[26,3],[13,6],[23,0],[45,22],[25,23],[105,18],[82,4],[39,7],[1,2],[22,6],[52,70],[35,119],[10,36],[14,6],[3,9],[-6,12],[38,33],[12,24],[44,26],[25,10],[58,57],[48,31],[11,-1],[9,10],[6,19],[15,18],[22,20],[18,11],[14,22],[20,14],[27,0],[21,7],[41,-23],[24,4],[35,-8],[24,9],[16,1],[31,-11],[9,0],[57,37],[21,20],[8,3],[21,-3],[42,17],[41,-3],[23,26],[16,10],[25,-9],[20,-3],[14,4],[27,-4],[15,4],[13,-10],[-5,-16],[-1,-23],[11,-10],[14,2],[14,-9],[4,-14],[-1,-26],[4,-10],[38,-26],[42,-12],[41,8],[30,26],[24,-3],[30,9],[46,3],[25,13],[8,13],[35,0],[17,-13],[46,7]],[[3308,9730],[-3,-69],[-6,-15],[11,-20],[2,-30],[-3,-34],[-6,-16],[-14,-17],[1,-21],[-9,-30],[-6,-33],[4,-25],[-3,-24],[5,-26],[18,-40],[7,-37],[28,-30],[-3,-21],[10,-6],[-2,-40],[17,-25],[18,-1],[20,-11],[-7,-17],[5,-26],[-3,-6],[2,-23],[18,-5],[15,-8],[5,-7],[-21,-15],[-10,-12],[11,-44],[-1,-24],[17,2],[16,-3],[-40,-53],[-10,-28],[-16,-5],[-8,-9],[-7,-15],[-54,-14],[-75,-12],[-3,-32],[-1,-82],[-45,-32],[-12,-11],[-3,-25],[-18,-24],[-16,-36],[-18,-9],[-22,-21],[-20,2],[-22,8],[-27,-17],[-22,-8],[-29,5],[-21,17],[-15,17],[-16,3],[-25,-20],[-37,-38],[-45,-34],[-38,-16],[-24,-24],[-22,-16],[-30,-5],[-27,-17],[-41,-14],[-117,6],[-10,25],[3,30],[-18,16],[-24,72],[-4,20],[-35,6],[-31,-10],[-44,-21],[-23,-14],[-15,-18],[-18,-27],[-16,-20],[-30,-6],[-17,-7],[-5,-34],[1,-46],[29,-15],[5,-28],[-6,-34],[56,-129],[1,-36],[42,-27],[23,-25],[11,-22],[5,-25],[-5,-26],[-8,-12],[13,-18],[15,-17],[11,-7],[19,-6],[-9,-52]],[[4575,1049],[12,2],[16,-1],[17,1],[9,6],[3,13],[7,10],[9,3],[9,-12],[14,-39],[11,-18],[16,-16],[16,-14],[35,-24],[19,-12],[20,-11],[14,0],[22,7],[19,2],[14,7],[14,-11],[14,8]],[[4885,950],[20,-17],[14,-12],[14,-11],[7,2],[10,2],[26,-7],[8,-5],[13,-9],[8,1],[10,-7],[10,-5],[8,0],[7,5],[3,5],[15,-3],[6,-3],[9,0],[9,0],[18,-6],[6,-3],[0,-9],[-9,-9],[-2,-12],[10,-8],[19,2],[6,-1],[8,-12],[2,-4],[6,-3],[14,-4],[3,-6],[4,-8],[0,-5],[-6,-6],[-8,-6],[-12,-6],[-7,-6],[-1,-4],[11,-28],[11,-14],[9,-8],[8,-3],[11,-8],[11,-13],[8,-10],[1,-11],[1,-14],[4,-11],[-1,-14],[-5,-5],[-9,-13],[-1,-6],[1,-10],[4,-5],[8,1],[5,4],[6,4],[8,-6],[6,-7],[10,-21],[-2,-16],[-7,-15],[-6,-13],[-3,-19],[8,-20],[12,-2],[15,3],[11,2],[18,-3],[16,-2],[9,2],[14,-4],[10,-2],[12,2],[19,-5],[22,3],[10,6],[6,5],[11,6],[11,1],[15,2],[11,1],[19,6],[11,5],[6,6],[10,2],[10,3],[11,-3],[11,-7]],[[5530,516],[-1,-24],[0,-17],[3,-13],[7,-12],[7,-6],[9,-5],[6,-3],[12,1],[10,0],[6,-2],[12,-9],[6,-6],[8,-4],[13,-6],[13,-2],[12,0],[13,-5],[17,-3],[13,-1],[8,-1],[4,-3],[9,-6],[2,-6],[-4,-7],[-8,-6],[-5,-6],[-3,-12],[0,-6],[-3,-3],[-7,-4],[-5,-6],[-5,-11],[-8,-9],[-13,-4],[-12,0],[-6,-4],[-9,-19],[-34,-65]],[[5597,221],[-12,-2],[-12,-16],[-24,-38],[-5,-28],[0,-27],[-13,-17],[-12,10],[-14,-7],[-27,-6],[-20,-23],[-22,-2],[-29,-1],[-23,-4],[-12,13],[-40,3],[-2,16],[15,14],[14,11],[40,16],[6,19],[33,37],[3,20],[7,19],[-1,24],[-16,24],[-14,2],[-29,-52],[-27,-35],[-26,-26],[-28,-21],[-20,-32],[-15,7],[4,34],[-7,13],[-35,17],[-4,24],[-12,0],[-19,-1],[-37,-14],[-9,23],[-11,30],[-11,16],[-19,6],[-19,2],[-19,-4],[-11,-4],[-16,-16],[-18,-14],[-29,10],[-20,9],[-32,9],[-23,8],[-32,8],[-5,16],[-3,18],[-12,18],[-14,10],[-29,3],[-24,7],[-20,4],[-23,-9],[-20,-15],[-27,-5],[-10,14],[3,16],[-2,35],[1,27],[-11,17],[-15,27],[-16,23],[-31,15],[-15,9],[-17,4],[-33,9],[-20,3],[-23,3],[-19,10],[-25,23],[-17,32],[-8,18],[-7,16],[4,4],[7,6],[16,4],[10,6],[5,3],[20,17],[21,17],[21,20],[12,14],[9,12],[10,12],[3,12],[0,15],[0,23],[4,61],[7,25],[-5,14],[-13,19],[-10,22],[0,16],[8,32],[-4,31],[-9,15],[-2,12],[10,14]],[[5073,2161],[75,33],[29,25],[2,18],[59,-35]],[[5238,2202],[29,-25],[15,-13],[2,-2],[19,-5],[4,-12],[11,-8],[4,-7],[12,-11],[15,-9],[25,-32],[5,-29],[0,-17],[-2,-23],[0,-22],[1,-17],[-19,-26],[-18,-14],[-21,-11],[-32,-15],[2,-3],[1,-3],[17,-14],[9,-15],[10,-10],[4,-19],[4,-24],[10,-10],[11,-15],[7,-22],[-4,-31],[-11,-23],[31,-8],[25,-25]],[[5404,1682],[-4,-23],[-8,-7],[-11,-17],[-10,-20],[-7,-20],[-9,-23],[-20,-16],[-15,-3],[-17,1],[-17,9],[-16,10],[-13,5],[-11,-20],[-17,-22],[-15,-1],[-12,-1],[-12,-10],[-12,-15],[-22,6],[-20,6],[-17,-10],[21,-32],[-9,-22],[-2,-14],[-6,-12],[-11,-10],[1,-20],[6,-15],[-5,-9],[-15,-7],[-9,-7],[-13,-19],[0,-17],[-14,-9],[-7,-16],[-23,-21],[-18,-24],[10,-9],[3,-12],[7,-16],[8,-15],[15,-22],[17,-9],[-14,-17],[-25,-26],[-21,-28],[-15,-23],[-12,-22],[-12,-8],[-11,-1],[-16,-22],[-8,-27],[-16,-4],[-13,-7],[-19,-22],[-8,-17]],[[4575,1049],[-5,7],[-13,10],[-20,14],[-19,16],[-26,17],[-8,17],[-14,20],[-23,17],[-19,-8],[-9,6],[1,15],[6,15],[-5,6],[-13,7],[-15,6],[-14,13],[-28,16],[-20,8],[-24,-3],[-19,1],[-23,7],[-27,15],[-12,8],[-10,-12],[0,-19],[-6,-11],[-13,-6],[-17,-4],[-15,6],[-11,12],[-8,13],[-5,10]],[[4141,1268],[7,1],[10,-4],[14,1],[4,11],[0,15],[4,13],[9,9],[26,16],[19,20],[58,37],[17,12],[17,18],[9,16],[-2,28],[6,22],[6,19],[1,20],[1,15],[-1,14],[13,6],[15,7],[11,2],[9,6],[6,7],[5,13],[20,15],[11,32],[18,2]],[[4454,1641],[17,0],[12,5],[17,-2],[11,-4],[10,-2],[8,14],[13,-1],[5,-14],[16,-15],[11,-12],[14,0],[17,4],[10,13],[-4,21],[3,23],[13,0],[17,2],[14,8],[8,12],[13,9],[36,20],[-25,42],[25,27],[1,21],[7,6],[11,-6],[10,-7],[9,0],[11,3],[9,5],[5,14],[12,27],[17,17]],[[4807,1871],[24,12],[19,22],[5,31],[9,12],[25,14],[19,16],[19,9],[23,0],[16,18],[-1,26],[4,14],[20,4],[13,9],[11,14],[12,1],[9,14],[4,15],[8,9],[7,8],[10,24],[10,18]],[[4141,1268],[0,17],[3,16],[-4,16],[-6,5],[-10,4],[-11,7],[-12,8],[-7,13],[7,12],[11,16],[15,14],[-1,17],[2,13],[-2,25],[-3,17],[-2,16],[-6,9],[-9,5],[-12,-12],[-6,-6],[-5,-9],[-6,-22],[-11,-19],[-30,31],[-20,4],[-24,7],[-18,42],[-14,21],[-27,9],[-18,19],[1,38],[-3,21],[-32,52],[-25,76],[-15,21]],[[3841,1771],[12,16],[6,16],[0,16],[0,14],[-1,14],[1,14],[8,7],[13,0],[17,2],[20,7],[15,11],[9,10],[-1,7],[-7,11],[-8,5],[-6,9],[3,10],[8,4],[8,10],[12,7],[12,-3],[4,-6],[12,3],[12,8],[14,14],[6,34],[4,13],[6,-2],[3,-5],[2,-10],[8,-6],[19,2],[14,12],[5,10],[-9,10],[-5,6],[-8,18],[-8,17],[-22,38],[-6,17],[-7,12],[-6,16],[-1,16],[1,14],[-4,18],[-5,9],[-7,-4],[-6,-5],[-6,9],[0,10],[0,6],[-7,6],[-7,7],[-7,13],[-6,11],[-4,13],[0,16],[2,13],[0,10],[-6,6],[-6,1],[-7,1],[-19,3]],[[3905,2332],[16,7],[15,1],[9,1],[10,1],[9,-1],[10,2],[28,12]],[[4002,2355],[25,2],[16,6],[15,3],[15,1],[19,-4],[-3,-13],[0,-7],[8,-6],[8,5],[4,-15],[3,-10],[10,-2],[16,6],[18,-4],[2,-8],[-12,5],[-15,-6],[-14,-29],[-6,-17],[-8,-48],[1,-18],[11,2],[13,6],[7,-9],[0,-11],[10,-3],[11,-2],[-2,-7],[-5,-13],[8,-10],[11,9],[13,2],[14,-8],[-2,-15],[-13,-23],[-8,-14],[7,-12],[14,0],[14,-1],[4,-8],[-3,-15],[6,-7],[20,1],[19,3],[14,1],[11,-4],[-3,-32],[-4,-16],[-6,-20],[-8,-7],[-14,-8],[-16,-15],[-3,-22],[-2,-11],[-10,-6],[-10,-16],[2,-24],[8,-9],[17,-12],[23,-16],[18,-13],[1,-10],[0,-10],[1,-9],[11,-9],[16,-7],[17,-7],[10,-7],[7,-11],[-4,-6],[-4,-9],[5,-10],[7,-6],[11,-5],[14,-14],[11,-11],[14,-13],[19,-14],[13,-10],[8,0],[8,-1],[11,-4],[2,-1],[6,-16]],[[5697,1385],[25,0],[24,-2],[23,2],[23,1],[21,7],[22,11],[28,27],[14,7],[7,8],[3,5],[1,4],[2,10],[1,13],[2,8],[4,9],[2,4],[4,-1],[9,-2],[22,1],[35,-8],[10,-2],[5,-1],[3,2],[6,6],[3,-13],[2,-11],[16,0],[7,1],[3,-5],[5,-8],[11,-14],[17,-5],[7,-7],[4,-4],[0,-5],[0,-10],[4,-16],[9,-17],[14,-16],[16,-14]],[[6111,1350],[8,-29],[4,-8],[-4,-10],[-4,-13],[3,-11],[6,-7],[10,-4],[8,0],[9,3],[7,0],[5,-5],[6,-7],[3,-9],[6,-4],[7,2],[10,-2],[4,-7],[4,-11],[-1,-9],[11,-12],[18,-11],[6,-13],[7,-15],[10,-11],[12,-10],[-2,-13],[-10,-7],[-4,-12],[-6,-15],[-1,-14],[1,-27],[11,-11],[20,-8],[16,-9],[20,-7],[15,-14],[14,-14],[9,-11],[12,-4],[8,4],[6,1],[9,0],[6,-6],[-12,-19],[-15,-12],[-5,-13],[12,-22],[9,-14],[2,-13],[-10,-18],[-3,-14],[16,-8],[10,-12],[8,-12],[-10,-5],[-20,0],[-16,1],[-18,5],[-15,3],[-3,-15],[6,-40],[-9,-14],[-14,2],[-23,21],[-14,3],[-11,0],[-8,-3],[-1,-8],[-1,-12],[-6,-11]],[[6239,750],[-26,-10],[-7,-5],[-3,-3],[-15,10],[-4,-14],[8,-11],[0,-15],[-6,-8],[-7,-2],[-13,10],[-2,-15],[6,-16],[4,-13],[-6,-9],[-11,-5],[-3,11],[-7,20],[-5,-3],[-4,-24],[-2,-13],[-5,-11],[-8,-4],[-9,2],[-10,-4],[1,-10],[0,-10],[-1,-12],[-5,-10],[-11,-9],[0,-8],[-1,-14],[2,-13],[-8,-14],[-12,-14],[-20,2],[-19,2],[-5,6],[-4,12],[-6,12],[-26,20],[-36,27]],[[5953,585],[-9,5],[-16,6],[-8,6],[-4,7],[-2,11],[0,9],[-4,4],[-5,2],[-7,-3],[-8,-4],[-14,0],[-18,9],[-15,5],[-25,8],[-13,1],[-13,-2],[-7,-7],[-11,-3],[-11,1],[-11,11],[-9,10],[-12,3],[-12,-3],[-13,2],[-9,-5],[-9,-1],[-12,-2],[-10,0],[-13,7],[-6,9],[-6,9],[-9,-5],[-6,-6],[-7,-3],[-13,2],[-12,7],[-17,14],[-11,16],[2,11],[6,4],[0,5],[1,10],[9,8],[13,0],[7,5],[7,11],[6,11],[18,27],[21,18],[0,11],[4,16],[1,9],[15,0],[9,7],[5,17],[1,21],[-1,21],[-5,18],[-7,14],[-7,25],[-1,22],[3,18],[0,9],[-9,7],[-7,5],[-3,16],[4,25],[-9,12],[-8,11],[-10,11],[-10,9],[-10,12],[-5,14],[-3,10],[-5,10],[-9,9],[-1,9],[5,9],[5,5],[3,11],[-2,15],[3,8],[14,1],[11,2],[21,-5],[8,-6],[2,4],[2,15],[0,16],[3,8],[23,-1],[15,-3],[7,-12],[19,-11],[10,2],[6,-27],[-15,-3],[-19,0],[-13,-1],[-2,-20],[8,-11],[14,-9],[11,-7],[14,-18],[10,-17],[16,-8],[24,-12],[26,-5],[10,21],[-9,22],[-10,17],[5,24],[9,12],[-10,15],[-4,7],[5,10],[5,8],[-3,10],[-18,16],[-8,14],[-14,27],[-17,12],[-19,10],[-14,16],[-14,15],[-14,26]],[[5530,516],[9,-1],[14,5],[9,3],[21,14],[30,5],[26,6],[15,8],[14,4],[20,-1],[28,-1],[15,0],[13,1],[22,3],[16,4],[16,0],[27,-3],[27,-10],[21,-1],[15,2],[21,1],[29,0],[9,7],[6,23]],[[6239,750],[8,-8],[22,-11],[15,-12],[9,-19],[10,-15],[8,-19],[5,-16],[12,-16],[15,-9],[14,2],[14,-5],[11,-12],[11,-5],[25,14],[13,-4],[14,3],[9,10],[16,-1],[8,-11],[3,-22],[0,-17],[10,-19],[7,-21],[-5,-17],[-17,-30],[-2,-16],[-7,-17],[-4,-8],[-4,-6],[-16,-10],[-17,-9],[-63,-6],[-12,-14],[-26,-7],[-23,-15],[-33,-24],[-23,-17],[-24,-16],[-32,-1],[-20,-14],[-16,-16],[-29,-21],[-24,-18],[-9,-21],[-56,-10],[-27,3],[-21,11],[-21,0],[-7,-11],[-7,-18],[-7,-16],[-9,-12],[-45,1],[-17,8],[-27,-3],[-35,-14],[-25,-13],[-17,-13],[-18,-18],[-14,-16],[-2,-25],[1,-19],[12,-20],[12,-19],[8,-11],[-4,-19],[-25,0],[-18,19],[-14,10],[-25,13],[-11,16],[-8,25],[-17,16],[-9,12],[-20,48],[-10,30],[-12,32]],[[5404,1682],[28,12],[12,-5],[15,-3],[20,5],[23,-54],[6,-16],[16,-13],[-8,-19],[-2,-36],[2,-31],[7,-8],[2,-13],[0,-22],[7,-14],[-9,-21],[24,-4],[21,-13],[17,-3],[28,-18],[10,34],[5,12],[10,6],[15,1],[14,1],[16,-1],[11,-4],[1,-12],[-9,-31],[-17,-28],[2,-9],[10,4],[16,6]],[[4588,2568],[-8,-1],[-3,-2],[-3,0],[-6,-2],[-2,2],[-1,2],[-1,0],[-1,3],[-1,2],[-1,1],[-3,2],[-3,1],[-2,1],[-4,1],[-2,0],[-5,0],[-2,0],[-3,-2],[-1,0],[-2,-2],[-1,-1],[-1,-3],[0,-1],[1,-3],[2,-4],[1,0],[2,-3],[1,0],[1,-3],[1,-1],[0,-1],[-1,-4],[-3,-3],[-4,-1],[-2,0],[-3,-1],[-2,0],[-4,-1],[-5,0],[-1,0],[-3,0],[-5,1],[-9,-2],[-6,1],[-5,-1],[-5,-3],[-2,-3],[-4,-6],[-2,-3],[-1,-1],[-3,-3],[-5,-6],[0,-1],[-1,-2],[-1,-7],[0,-8],[0,-1],[1,-4],[3,-3],[1,-1],[1,-1],[4,-1],[1,0],[4,0],[1,0],[3,1],[5,0],[5,0],[1,0],[4,-1],[2,0],[5,-1],[4,-1],[1,0],[6,0],[5,-2],[0,-7],[-1,-4],[1,-4],[0,-4],[1,-1],[2,-3],[4,-4],[7,-2],[4,0],[1,0],[3,1],[2,0],[2,1],[3,0],[1,0],[6,0],[14,1],[7,-2],[2,-2],[2,-2],[7,-6],[1,-1],[6,-4],[1,-1],[3,-2],[2,-3],[0,-2],[0,-3],[-2,-2],[0,-1],[-2,-2],[-2,-2],[0,-3],[1,-2],[3,-1],[3,-1],[2,0],[3,0],[3,1],[1,0],[2,0],[1,0],[3,0],[3,0],[1,0],[4,1],[1,0],[1,0],[2,-1]],[[4630,2418],[-4,-13],[-3,-5],[-4,-9],[-10,-14],[-8,-13],[-2,-12],[13,-25],[7,-17],[11,-22],[8,-17],[5,-24],[0,-23],[-11,-39]],[[4632,2185],[-16,0],[-4,-4],[-6,-2],[-18,-10],[-65,12],[-12,43],[-44,29],[-27,10],[-20,-6],[-23,3],[-37,22],[-18,17],[-19,10],[-21,5],[-17,11],[10,15],[28,7],[4,19],[14,13],[-20,48],[-5,19],[-14,7],[-9,-6],[-17,10],[-18,6],[-20,-17],[-15,-18],[-9,-27],[-12,-15],[-13,40],[-20,7],[-6,19],[3,16],[28,12],[14,15],[26,3],[17,13],[-12,23],[-15,19],[-21,-5],[-26,0],[-8,-16],[-6,-3],[-25,-1],[-51,-14]],[[4087,2514],[-21,22],[0,10],[-1,7],[10,2],[12,-8],[17,-1],[10,5],[6,9],[-1,43],[5,22],[52,54],[10,23],[-23,34],[-39,21],[-20,22],[-5,23],[-2,26],[5,27],[14,24],[29,31],[-18,27],[-3,27],[-23,10],[20,90],[10,31],[-4,25],[-32,66]],[[4095,3186],[43,-32],[42,-46],[24,-13],[60,-26],[8,-6]],[[4272,3063],[31,-18],[28,-30],[35,-12],[30,11],[17,-10],[30,9],[10,-8],[3,-14],[-4,-18],[7,-15],[16,-9],[19,0],[23,11],[23,-4],[20,2],[15,11],[36,37],[32,38],[12,-15],[7,-22],[23,1],[19,17],[25,37],[19,4],[41,-7],[18,-9],[6,-7],[10,12],[9,19],[35,26],[11,19],[15,-7],[7,-20],[14,-7],[20,7],[35,7],[11,6],[23,35],[13,8]],[[5016,3148],[32,-5],[21,-1],[21,-14],[35,-49],[24,-11],[12,-8],[-25,-28],[-45,-40],[-13,-24],[-18,-52],[-20,-23],[-42,-20],[-76,-40],[23,-31],[-6,-37],[-12,-32],[8,-23],[-21,-26],[-2,-26],[-2,-31]],[[4910,2627],[-12,-1],[-10,3],[-22,7],[-6,-1],[-12,1],[-8,2],[-4,3],[-2,11],[0,6],[-3,15],[-8,23],[-6,23],[-10,24],[-6,6],[-11,1],[-13,4],[-8,5],[-9,11],[-9,12],[-7,17],[-11,19],[-12,19],[-5,5],[-16,17],[-11,3],[-12,-2],[-8,-13],[-2,-10],[-15,-13],[-10,-1],[-18,-1],[-3,-7],[0,-14],[0,-8],[-3,-11],[-8,-12],[-6,-6],[-12,-1],[-12,-6],[-3,-8],[10,-31],[9,-10],[13,-10],[10,-8],[6,-7],[6,-11],[-4,-10],[-3,-13],[5,-9],[6,-9],[-4,-10],[-6,-6],[-6,-10],[-7,-9],[-12,-2],[-14,-2],[-1,-9],[3,-15]],[[4588,2568],[6,1],[3,0],[2,0],[2,0],[1,-1],[2,-2],[0,-2],[1,-3],[2,-2],[1,0],[4,-1],[2,0],[3,0],[1,0],[4,-1],[5,-1],[4,0],[2,0],[4,2],[3,2],[3,3],[4,1],[10,-1],[1,-2],[1,-1],[2,-2],[2,-4],[3,-3],[4,1],[3,2],[3,2],[1,1],[2,2],[6,0],[9,1],[2,0],[3,0],[3,-1],[1,-1],[0,-2],[0,-1],[-1,-3],[-1,-2],[-3,-3],[-1,0],[-3,-1],[-2,0],[-3,0],[-4,-1],[-1,0],[-2,-2],[-2,-3],[1,-2],[2,-2],[3,-3],[1,0],[5,-3],[7,0],[3,0],[4,0],[1,0],[3,0],[3,0],[4,-3],[2,-3],[1,-1],[0,-1],[0,-2],[-1,-3],[-2,-2],[-2,-2],[-1,-1],[-4,-1],[-10,0],[-9,0],[-3,0],[-2,0],[-3,0],[-1,-4],[2,-5],[2,-3],[2,-4],[2,-4],[2,-5],[-1,-7],[0,-3],[-2,-2],[-5,-3],[-7,-2],[-6,1],[-2,0],[-7,-2],[-1,-1],[-1,-1],[-2,-3],[0,-1],[0,-6],[0,-8],[1,-4],[2,-4],[1,-1],[2,-4],[0,-1],[3,-3],[0,-1],[3,-5],[1,-4],[1,-5],[-2,-5],[0,-1],[-3,-5],[-6,-3],[-9,-3],[-1,0],[-3,1],[-1,0],[-4,2],[-1,1],[-2,3],[-1,0],[-2,3],[0,1],[-1,3],[-1,3],[-1,1],[-2,1],[-1,0],[-1,0]],[[4910,2627],[10,-12],[4,-16],[1,-17],[-6,-9],[-7,-5],[-5,-8],[-5,-9],[-10,-4],[-14,-9],[-9,-9],[-1,-19],[7,-21],[8,-8],[8,-11],[1,-11],[12,-4],[16,11],[19,26],[12,15],[6,10],[-3,20],[-1,11],[3,5],[22,-8],[12,12],[10,1],[18,-4],[3,-10],[12,-10],[13,-9],[2,-9],[1,-16],[-6,-8],[-13,-1],[-13,-1],[6,-16],[24,-17],[17,-6],[5,-3],[-7,-17],[-7,-4],[-12,-1],[-12,-9],[-7,-14],[0,-14],[-4,-13],[-13,-13],[-2,-9],[8,-12],[17,-4],[13,1],[13,-7],[3,-12],[-3,-13],[2,-15],[15,-131]],[[4807,1871],[-3,23],[-5,17],[-8,16],[-1,17],[20,10],[14,18],[-16,16],[-16,12],[-18,16],[-45,20],[-21,0],[-16,2],[-12,10],[-1,16],[8,10],[8,16],[5,17],[-3,15],[-13,15],[-16,14],[-4,4],[-32,30]],[[4002,2355],[10,7],[3,11],[-2,12],[7,12],[5,5],[29,25],[26,20],[8,13],[4,9],[0,8],[-3,14],[-2,23]],[[3570,2305],[9,5],[12,6],[14,1],[14,-11],[8,-10],[16,-9],[14,3],[18,13],[4,12],[11,22],[14,14],[9,4],[10,-13],[2,-7],[13,-7],[17,2],[11,8],[13,9],[10,2],[7,8],[4,12],[-1,15],[-7,7],[-7,11],[-5,19],[2,12],[14,-1],[11,-8],[5,-8],[11,-16],[8,-11],[17,0],[11,3],[12,6],[11,4],[8,-3],[4,-8],[2,-15],[0,-11],[0,-9],[-1,-8],[2,-9],[4,-3],[4,-4]],[[3841,1771],[-46,-31],[-23,-8],[-26,-28],[-23,-17],[-28,-10],[-44,28],[-43,32],[-20,28],[-17,37],[13,51],[-3,21],[-9,10],[-33,-20],[-85,-64],[-47,39],[1,18],[-16,3],[0,18],[-14,0],[-16,3],[-36,32],[-2,11],[-4,29],[-34,44],[-22,-1],[-19,20],[-7,10],[-6,2]],[[3232,2028],[20,36],[11,34],[0,23],[4,15],[5,9],[10,6],[14,-2],[24,-8],[13,-3],[19,-2],[19,1],[5,11],[5,12],[8,14],[3,17],[0,17],[6,16],[6,5],[5,9],[1,11],[16,9],[15,0],[14,5],[17,7],[10,8],[10,16],[8,13],[11,6],[16,-3],[10,-6],[17,-1],[16,2]],[[3061,2866],[43,9],[23,10],[65,8],[17,14],[16,10],[22,8],[29,15],[17,14],[11,21],[16,-2],[21,-11],[11,-11],[25,-16],[31,-1],[20,-3],[12,-23]],[[3440,2908],[2,-24],[4,-15],[9,-14],[11,-16],[5,-17],[0,-16],[1,-27],[9,-16],[14,-19],[9,-14],[3,-14],[0,-13],[6,-17],[12,-16],[26,-58],[8,-13],[6,-9],[0,-14],[-10,-6],[-10,-6],[-7,-13],[3,-11],[7,-13],[-1,-23],[1,-17],[-1,-17],[-5,-12],[-13,-8],[-12,0],[-6,-4],[0,-11],[17,-2],[9,-4],[5,-6],[5,-3],[8,-4],[5,-7],[2,-12],[1,-14],[3,-19],[7,-13],[-2,-26],[-1,-20]],[[3232,2028],[-76,-10],[-16,5],[-28,37],[-58,30],[-21,6],[-15,20],[-25,13],[-7,8],[10,62],[-24,40],[-11,34],[-7,35],[31,26],[-14,61],[9,18],[11,45],[41,49],[-6,27],[-23,12],[-25,-7],[-29,23],[-23,5],[13,31],[14,51],[-12,1],[-13,20],[4,11],[-6,15],[9,26],[-6,37],[23,13],[7,16],[15,21],[19,20],[19,5],[4,9],[45,23]],[[3440,2908],[59,21],[26,14],[15,-7],[16,1],[21,-10],[2,2],[14,1],[19,20],[20,-8],[15,-20],[32,-17],[39,0],[28,19],[-27,39],[-12,38],[-9,0],[14,37],[13,18],[17,3],[23,12],[19,-4],[8,12],[-9,19],[7,15],[18,8],[16,3],[18,11],[12,18],[22,45],[-15,4],[-11,36],[-18,10],[-26,-2],[-27,10],[-43,29],[-12,13]],[[3724,3298],[17,31],[-13,20],[-5,13],[0,14],[0,2]],[[3723,3378],[27,15],[19,13],[30,8],[21,-5],[35,15],[34,-31],[29,-34],[9,-30],[-6,-17],[36,-16],[35,-25],[31,-40],[64,-39],[8,-6]],[[3061,2866],[-4,8],[-28,19],[4,22],[-28,8],[-87,-48],[-18,1],[-4,14],[-10,18],[20,19],[6,30],[24,23],[26,17],[-91,101],[-54,-54],[-18,-32],[-33,-2],[-6,39],[6,20],[7,41],[-17,-1],[-10,-48],[-29,-27],[-11,7],[7,46],[-7,19],[-10,-1],[-22,-17],[-15,-16],[-28,0],[-16,37],[-10,17],[-12,11],[-2,23],[-7,27],[-17,12],[-14,-12],[-32,-37],[-16,-23],[-43,-24],[-7,22],[21,19],[29,21],[8,19],[-32,39],[-28,27],[-28,42],[-16,36],[-12,21],[-28,41],[-24,45],[-34,43],[32,22],[-25,46]],[[2540,3606],[68,-67],[36,-49],[16,-23],[23,-26],[17,-13],[18,-8],[13,-22],[8,-7],[14,-13],[8,-23],[4,-12],[16,-4],[18,-13],[3,-16],[5,-17],[13,-9],[17,-11],[7,-12],[-2,-18],[-1,-25],[9,-20],[14,-6],[23,6],[24,-11],[11,-10],[1,-12],[-8,-15],[-6,-25],[5,-11],[22,-1],[17,0],[12,-2],[10,-15],[-4,-15],[-5,-14],[-2,-18],[2,-16],[4,-16],[15,0],[17,0],[8,4],[15,-9],[13,-16],[17,-13],[24,-14],[28,-4],[25,5],[28,8],[8,11],[9,25],[6,21],[13,24],[1,15],[-2,14],[-6,16],[-4,19],[5,20],[10,9],[13,8],[19,1],[13,-17],[8,-16],[14,-12],[18,-4],[27,2],[15,14],[2,8]],[[3329,3136],[18,1],[20,9],[26,-2],[21,-8],[20,-15],[16,-6],[21,10],[10,14],[2,17],[-4,46],[-6,24],[-8,13],[-11,15],[-10,9],[-13,15],[-8,23],[-1,10],[15,11],[20,8],[17,-3],[15,-11],[15,-26],[10,-4],[22,10],[1,7],[0,15],[-2,20],[2,13],[9,3],[9,4],[3,17],[10,5],[9,-6],[2,-20],[5,-12],[13,3],[9,3],[20,-4],[19,-5],[18,-8],[10,-17],[4,-7],[10,-5],[19,-2],[18,-2]],[[3329,3136],[7,47],[21,18],[6,12],[-8,24],[-8,18],[-7,16],[2,19],[9,19],[1,18],[-5,14],[-8,11],[-11,17],[-16,2],[-11,3],[-14,9],[-5,11],[-2,11],[-8,10]],[[3272,3415],[16,24],[3,22],[2,14],[14,8],[18,-2],[15,-4],[15,-2],[7,3],[0,6],[-8,9],[0,6],[28,12],[7,5],[4,14],[-2,14],[-12,10],[-10,10],[-7,20],[-1,20],[0,16],[-7,7],[-4,5],[-6,5],[-9,18],[4,7],[6,8],[0,12],[-7,12],[-3,16],[6,10],[0,6],[-4,9],[-5,10],[-1,8],[3,10],[11,9],[9,7],[-2,9],[7,10],[11,2],[17,0],[8,8],[2,8],[-5,10],[-9,5],[-11,0],[-11,-7],[-4,-1],[-8,4],[-11,13],[-14,9],[-7,-11],[-4,-6],[-4,6],[3,15],[-17,12],[-8,1],[-14,-1],[-12,-5],[-13,-9],[-12,-8],[-10,-9],[-6,-14],[-1,-12],[0,-11],[-3,-16],[-10,-8],[-12,2],[-10,15],[0,29],[7,24],[6,18],[4,21],[-6,24],[-6,20],[-1,22],[7,7],[6,5],[10,10],[3,27],[2,17],[6,8],[4,10],[3,14],[9,15],[13,7],[14,11],[25,23]],[[3290,4102],[19,-4],[-16,-25],[3,-31],[17,-23],[-4,-24],[15,-27],[-9,-11],[-11,-8],[23,-6],[19,3],[46,2],[12,3],[16,-13],[37,-46],[3,-4]],[[3460,3888],[9,-25],[-10,-36],[19,-17],[16,-10],[2,-41],[12,-27],[2,-18],[-14,1],[-4,-22],[19,-18],[7,-25],[-9,-22],[4,-15],[23,5],[13,-12],[23,-7],[11,8],[17,4],[35,-19],[39,-10],[31,1],[31,-4],[7,-37],[2,-45],[-20,-11],[-22,-2],[-11,-13],[16,-22],[15,-26],[-6,-23],[6,-22]],[[3294,4177],[5,-11],[-1,-32],[-8,-32]],[[3272,3415],[-10,-8],[-12,-3],[-7,6],[8,16],[0,8],[0,7],[-7,7],[-5,6],[12,7],[9,5],[6,7],[-7,17],[-11,9],[-15,14],[-9,13],[-6,10],[-16,6],[-32,23],[0,8],[9,7],[6,5],[-5,9],[-13,-1],[-12,-1],[-11,6],[-5,13],[8,9],[2,6],[-9,6],[-7,10],[0,12],[-4,8],[-10,1],[-20,-24],[-3,1],[-9,10],[-5,4],[-10,-1],[-10,-4],[-12,0],[-17,1],[-27,-10],[-11,-6],[-27,-25]],[[2981,4132],[29,7],[35,41],[31,-10],[34,-4],[19,9],[23,6],[12,21],[59,21],[69,-40],[2,-6]],[[4063,4319],[8,10],[8,9],[8,6],[9,6],[12,3],[9,2],[17,-1],[15,1],[17,3],[13,5],[10,8],[8,11],[4,5],[12,14],[13,19]],[[4226,4420],[27,-13],[12,-1],[16,-5],[2,-5],[-1,-7],[1,-5],[6,-6],[9,-8],[-2,-12],[0,-9],[6,-7],[4,-7],[7,-13],[3,-8],[0,-9],[1,-5],[4,-2],[9,1],[6,5],[9,9],[11,3],[11,-5],[1,-3],[6,-11],[-1,-9],[-5,-8],[-7,-1],[-8,0],[-10,-1],[-6,-8],[-4,-7],[-4,-7],[-12,-6],[-12,-3],[-11,-1],[-15,3],[-17,4],[-10,1],[-8,-5],[-2,-7],[-5,-5],[-8,-2],[-2,-4],[-3,-8],[5,-8],[5,-10],[2,-3],[6,-6],[7,-9],[0,-14],[6,-5],[6,-7],[0,-9],[-7,-5],[-16,5],[-7,8],[-7,6],[-10,13],[-9,2],[-4,-9],[-9,-3],[-6,1],[-3,-12],[6,-9],[4,-4],[1,-13],[3,-16],[1,-7],[5,-4],[5,-2],[8,-4],[7,-6],[9,-4],[4,-15],[2,-6],[7,-1],[7,-2],[6,-7],[0,-5],[6,0],[7,-1],[13,-10],[8,-4],[5,1],[3,5],[5,3],[17,1],[2,0],[11,-3],[8,-4],[9,7],[4,4],[6,2],[11,-6],[4,-3],[6,-12],[7,-26],[13,-18],[11,-9],[15,-12],[8,-2],[8,-12],[5,-13],[8,-14],[12,-43],[3,-15],[16,-21],[10,-5],[23,-7],[16,-3],[19,-10],[7,-10],[3,-34],[10,-30],[5,-12],[0,-17],[0,-86]],[[4582,3634],[-20,-8],[-13,-7],[-19,-11],[-11,-8],[-11,-8],[-15,-7],[-15,-3],[-14,-1],[-10,-7],[-11,-10],[-15,-11],[-14,-12],[-32,-19],[-16,-21]],[[4366,3501],[-12,6],[-6,8],[-3,5],[-5,3],[-8,0],[-9,1],[-9,5],[-13,8],[-1,4],[2,8],[0,6],[-2,6],[-4,2],[-10,-2],[-10,-4],[-8,-7],[-7,1],[-6,7],[1,8],[3,9],[4,8],[0,9],[-5,6],[-5,6],[-6,4],[-3,4],[-11,4],[-5,2],[-7,0],[-11,1],[-4,3],[-3,4],[-4,8],[-16,20],[-8,6],[-10,0],[-9,-8],[-4,-6],[-9,-14],[-9,-4],[-18,2],[-8,-3],[-6,-5],[-3,-9],[-12,-12],[-9,-9],[-8,0],[-11,-1],[-12,-3],[-7,1],[-7,7],[-13,3],[-7,3],[-9,-7],[-6,-2],[-8,5],[-8,10],[-3,9],[-11,13],[-8,3],[-9,5],[-8,9],[0,10],[5,15],[-3,7],[-8,4],[-6,2],[-11,-5],[-9,0],[-4,6],[1,5],[-2,17],[0,8],[1,6],[5,9],[6,8],[1,11],[-10,11],[-5,3],[-7,4],[-6,8],[-8,13],[-8,17],[0,20],[-3,7],[-5,9],[-7,16],[0,12],[1,8],[5,8],[1,7],[-8,16],[-6,7],[-7,10],[-6,27],[-3,15],[-7,7],[-7,10],[-3,10],[0,12],[-3,6],[-7,8],[-9,9],[-15,10],[-14,9],[-9,8],[-7,7],[-6,9],[-3,9],[-1,15],[0,9],[4,7],[4,7],[3,9],[0,13],[-1,7],[-6,11]],[[3750,4160],[4,15],[6,9],[2,10],[1,6],[6,7],[7,2],[9,-3],[8,1],[9,4],[14,1],[10,1],[5,-1],[11,1],[5,1],[9,1],[6,-2],[10,-4],[12,-3],[3,0],[8,-4],[7,-5],[10,-11],[7,-9],[4,-4],[9,0],[8,2],[4,2],[10,-1],[8,-1],[8,3],[7,4],[7,4],[13,0],[15,-2],[10,-10],[8,-8],[8,-2],[11,-1],[5,5],[6,6],[0,10],[-3,9],[-2,10],[3,14],[4,8],[3,14],[0,8],[-4,6],[-2,9],[0,8],[-1,20],[1,17],[4,12]],[[3460,3888],[16,2],[12,-1],[9,-3],[12,0],[12,1],[23,13]],[[3544,3900],[16,3],[10,-1],[12,2],[9,2],[5,11],[3,5],[8,2],[4,-3],[4,0],[7,11],[0,15],[5,15],[8,29],[3,11],[2,14],[2,4],[6,11],[10,2],[5,1],[1,4],[1,6],[5,3],[3,7],[-1,8],[-2,5],[-3,10],[-2,6],[5,8],[2,11],[0,9],[4,7],[7,7],[13,12],[9,9],[7,10],[4,3],[13,2],[21,-1]],[[4366,3501],[5,-8],[7,-14],[5,-7],[2,-8],[0,-11],[-4,-6],[-12,-10],[-11,-7],[-5,-1],[-5,-3],[-3,-5],[1,-9],[2,-2],[5,-11],[-4,-9],[-8,-2],[-16,-3],[-9,-1],[-11,-2],[-16,-1],[-13,-6],[-15,-3],[-11,-1],[-15,1],[-8,-4],[-1,-8],[1,-8],[3,-10],[-1,-10],[-2,-11],[2,-19],[2,-28],[2,-8],[2,-12],[0,-11],[-2,-15],[-6,-10],[-1,-12],[3,-9],[10,-8],[7,-2],[7,0],[6,-5],[3,-6],[7,-8],[11,-8],[5,-8],[3,-6],[3,-7],[1,-9],[-3,-5],[-6,-1],[-10,0],[-5,-3],[-2,-8],[0,-9],[4,-8],[4,-15],[-2,-18]],[[5217,3423],[-4,-11],[-20,2],[-19,-1],[-23,-8],[-18,-16],[-15,-23],[-34,-80],[-7,-61],[-6,-25],[-16,-15],[-19,-3],[-20,-34]],[[4582,3634],[12,4],[14,8],[7,5],[11,1],[12,0],[7,-5],[7,-5],[5,-1],[8,-1],[5,9],[0,9],[-1,7],[0,9],[2,15],[6,12],[5,2],[4,-4],[9,-6],[10,-1],[8,-1],[5,-3],[3,-5],[5,-3],[7,2],[4,9],[2,14],[0,9],[10,3],[5,-5],[7,-5],[6,-5],[14,1],[5,6],[6,4],[10,-1],[9,-2],[5,-9],[3,-5],[8,-4],[12,-6],[3,-7],[-1,-7],[0,-6],[5,-2],[16,4],[23,-3],[27,-3],[27,1],[40,15],[15,10],[7,15],[2,8],[7,9],[8,3],[54,5]],[[5072,3728],[21,-12],[40,-45],[16,-14],[21,-17],[16,-8],[13,-12],[11,-21],[3,-18],[-6,-17],[2,-11],[-4,-16],[18,-17],[-3,-10],[9,-10],[-5,-24],[5,-18],[-12,-35]],[[5913,3094],[39,13],[36,11],[26,21],[0,30],[6,37],[31,52],[21,12],[29,2],[24,-6],[29,-14],[23,-14],[23,-9],[43,-1],[18,5],[11,9],[17,89],[44,-8],[49,6],[27,6],[48,16],[61,28],[17,8],[15,18],[5,45],[12,12],[38,16],[29,10],[17,3],[81,14],[56,16],[42,18],[16,15],[9,19],[19,27]],[[6874,3600],[34,-2],[34,6],[40,-4],[29,-2],[17,4],[33,-11],[14,5],[12,8],[46,36],[21,13],[46,-11],[14,6],[18,-1],[19,15],[9,3],[16,-6],[16,-1],[13,-2],[4,-14],[18,-23],[19,-2],[29,-11],[10,-8],[18,-24],[16,-8],[18,-24],[20,11],[20,-11],[10,-13],[9,-20],[-38,-64],[20,-37],[14,-17],[22,-1],[25,-27],[18,1],[51,-26],[18,-1],[17,-12],[16,1],[17,9],[9,11],[19,11],[17,22],[11,5],[2,-1],[7,-4],[5,-11],[1,-3],[2,-2],[9,-7],[7,-14],[13,-8],[45,-11],[50,-3],[30,-30],[-12,-20],[1,-19],[-7,-17],[-1,-23],[34,-23],[20,-9]],[[7938,3179],[-4,-13],[-4,-41],[-6,-24],[-15,-7],[-31,9],[-27,16],[-32,-39],[-9,-13],[-5,-13],[-11,-8],[-4,-14],[-17,-12],[-15,2],[0,-14],[-15,-17],[-42,12],[-19,0],[-15,-5],[-9,-11],[-11,-30],[-22,-10],[-16,-2],[-8,4],[-25,23],[-15,6],[-17,-2],[-16,2],[-15,-5],[-22,4],[-6,-16],[-7,-10],[-19,-6],[-7,-22],[-47,-8],[-16,-27],[-12,-2],[-9,-11],[-18,-10],[-25,-24],[-14,-8],[-23,0],[-14,8],[-49,-2],[-16,2],[-43,-19],[-3,-2],[-26,-6],[-9,-18],[-33,-31],[-2,-19],[4,-26],[-7,-13],[-20,8],[-47,35],[-22,3],[-20,-5],[-29,-4],[-46,48],[-27,-8],[-15,-18],[-6,-14],[-15,1],[-62,-37],[-17,-3],[-23,12],[-30,-5],[-17,-8]],[[6694,2712],[-21,18],[-10,0],[-14,26],[-19,17],[-15,-4],[-21,-16],[-34,-35],[-16,4],[-23,-14],[-24,12],[-31,-1],[-38,37],[-17,4],[-26,-5],[-34,-16],[-86,-50],[-23,20],[-18,0],[-15,10],[-20,21],[-20,17],[-13,7],[-14,-5],[-5,-8],[5,-22],[-4,-21],[-20,-52],[-24,-15],[-46,-5],[-46,1],[-35,-13],[-45,-3],[-16,16],[-1,15],[3,19],[14,28],[12,24],[11,15],[9,7],[11,26],[9,28],[11,23],[10,5],[14,-17],[15,3],[8,14],[26,8],[11,11],[2,19],[-12,21],[-15,16],[-24,16],[-19,27],[-3,16],[-10,19],[-31,6],[-25,16],[-10,14],[-2,27],[-7,24],[0,27]],[[5567,3019],[1,21],[7,14],[12,1],[16,5],[6,4],[12,25],[-7,12],[-15,10],[-29,29],[5,21],[36,64],[22,31],[40,34],[0,18],[-8,24],[-14,25],[-29,36]],[[5622,3393],[17,8],[24,55],[24,46],[18,16],[26,8],[25,-8],[57,33],[27,2],[29,-8],[27,-17],[30,9],[11,23],[-22,57],[-9,34],[6,53],[9,25],[11,15],[25,15],[40,15],[24,5],[24,11],[16,23],[15,30],[21,31],[37,32],[15,5],[7,19],[-17,24],[-6,33],[10,39],[-15,42],[-24,10],[-20,17],[-13,34],[-17,5],[-27,38],[-25,21],[-10,49],[-10,23],[-3,24],[1,25],[9,42],[6,15],[17,8],[12,12],[-33,57],[-9,6],[-4,16],[3,10]],[[5981,4480],[11,17],[20,18],[7,32],[24,14],[28,56],[18,15],[26,3],[42,-4],[19,5],[55,38],[24,1],[23,-3]],[[6278,4672],[13,-21],[24,-11],[24,-3],[34,-30],[18,-27],[10,-28],[4,-18],[27,-15],[24,-21],[11,-19],[12,-50],[13,-18],[-3,-20],[-24,-54],[-4,-21],[18,-21],[43,-66],[11,-22],[-12,-59],[4,-31],[11,-28],[8,-29],[5,-34],[-3,-23],[-10,-27],[0,-22],[30,6],[13,-9],[11,19],[11,-13],[17,-12],[5,-22],[23,-21],[9,-16],[1,-22],[-9,-34],[24,-17],[18,-18],[9,-13],[12,-47],[17,-9],[9,-15],[12,-10],[15,-4],[16,-25],[13,-6],[32,4],[12,-4],[31,-26],[7,-40]],[[5913,3094],[-72,-12],[-25,-16],[-11,-23],[-14,-11],[-25,-2],[-20,8],[-25,-11],[-32,1],[-39,6],[-34,-3],[-24,-11],[-25,-1]],[[6308,2082],[-9,14],[-5,11],[18,49],[2,25],[4,27],[-8,55],[-7,15],[-15,0],[-39,-8],[-15,8],[-15,-6],[-14,6],[-4,13],[-11,18],[-14,23],[-16,18],[-27,-4],[-28,-12],[-23,-3],[-18,4],[-22,-1],[-26,19],[-8,18],[-5,22],[-17,16],[-20,1],[-21,10],[-24,4],[-19,13],[-31,-14],[-23,5],[-28,-1],[-30,-11],[-62,13],[-26,-8],[-16,-11],[-15,-22],[-40,7],[-37,-5],[-38,2],[-3,33],[-42,21],[-11,35],[-18,36],[-29,21],[-27,2],[-42,-9],[-16,2]],[[5368,2533],[17,48],[15,26],[30,10],[0,16],[-9,34],[8,19],[53,26],[14,22],[0,22],[-11,27],[9,20],[5,32],[-6,15],[-6,15],[42,28],[6,32],[3,31],[6,28],[12,21],[11,14]],[[6694,2712],[8,-21],[-13,-21],[-17,-19],[-3,-21],[-1,-25],[-19,-4],[-49,-23],[-18,-19],[-4,-24],[0,-32],[-23,-48],[-14,-14],[-16,-3],[-17,-10],[-15,-33],[-13,-14],[-14,-5],[0,6],[-7,3],[-17,-2],[11,-11],[0,-16],[14,-36],[10,-33],[-3,-41],[-14,-60],[0,-10],[9,-12],[-8,-12],[-9,-6],[-4,-20],[0,-10],[-1,-6],[-8,-13],[-12,-14],[-4,-11],[-3,-11],[2,-7],[12,-14],[11,-10],[28,5],[10,-2],[9,-7],[2,-12],[-7,-11],[-15,-3],[-17,4],[-17,6],[-19,12],[-22,24],[-24,22],[-19,11],[-19,4],[-27,-1]],[[5217,3423],[15,-5],[14,-2],[16,10],[12,-18],[37,-37],[16,2],[16,-18],[19,10],[31,-4],[21,17],[64,9],[8,10],[57,12],[26,-2],[32,-14],[21,0]],[[5368,2533],[-11,-15],[-6,-19],[-3,-18],[4,-7],[6,-12],[6,-8],[1,-4],[-8,-20],[11,-11],[14,6],[7,2],[5,-12],[-1,-11],[-5,-9],[4,-9],[15,-10],[9,-5],[4,-10],[-5,-14],[-8,-10],[-17,4],[-14,4],[-14,1],[-10,-5],[-5,-13],[-4,-15],[-10,-13],[-9,-3],[-13,2],[-9,-4],[-3,-10],[-2,-15],[-10,-16],[-17,-15],[-32,-37]],[[6308,2082],[-33,-33],[-16,-15],[-5,-14],[-5,-35],[4,-19],[5,-15],[7,-11],[11,-4],[8,-4],[2,-19],[-5,-22],[17,-4],[16,-2],[13,0],[11,2],[12,13],[7,4],[19,4],[20,0],[8,0],[8,-1],[8,-8],[-2,-12],[9,-13],[11,-15],[-5,-14],[-14,-18],[-12,-10],[-14,-16],[-3,-10],[-2,-17],[-1,-22],[-1,-13],[0,-23],[12,-14],[7,-12],[2,-23],[-35,6],[-17,5],[-15,7],[-14,8],[-7,11],[-2,24],[-3,9],[-5,9],[-9,7],[-9,0],[-9,-2],[-9,-4],[-7,-10],[-3,-14],[0,-15],[1,-20],[-6,-14],[-11,-12],[-6,-10],[-6,-12],[5,-11],[19,-25],[7,-13],[0,-23],[-10,-8],[-8,-4],[-9,-9],[-9,-16],[-12,-18],[-7,-12],[-13,-10],[-4,-11],[-3,-20],[-5,-19],[-19,-34],[-11,-20],[-17,-20],[-16,-7],[-12,-10]],[[5072,3728],[-17,30],[-15,44],[-8,42],[-4,52],[-13,34],[-3,60],[9,18]],[[5021,4008],[23,10],[38,-1],[49,4],[112,26],[44,-1],[42,-6],[24,6],[5,32],[18,30],[13,13],[97,-3],[34,-15],[14,-14],[11,7],[31,66],[24,2],[28,-10],[12,17],[10,24],[3,28],[76,44],[8,26],[-5,24],[1,35],[19,22],[25,15],[39,2],[27,4],[22,8],[46,33],[70,44]],[[3055,4719],[-11,-25],[-2,-8],[-3,-11],[-6,-10],[-4,-3],[-4,-10],[-3,-11],[-5,-4],[-4,2],[-9,8],[-6,-6],[-4,-7],[-6,-2],[-8,1],[-7,8],[-10,5],[-5,-8],[3,-5],[10,-10],[16,-14],[9,-10],[-1,-16],[-8,-5],[-11,-6],[-9,-12]],[[2528,5004],[8,7],[9,5],[17,4],[60,28],[59,17],[2,23],[-12,22],[1,4],[19,21],[41,26],[44,37],[47,28],[69,23],[41,-7],[101,-65]],[[3034,5177],[-13,-20],[-7,-61],[-17,-30],[-2,-27],[3,-34],[-3,-31],[-18,-91],[12,-50],[12,-24],[21,-65],[33,-25]],[[3055,4719],[6,-1],[22,-7],[26,-3],[21,-23],[-4,-36],[11,-24],[37,-21],[-5,-25],[15,-14],[-1,-13],[6,-40],[71,-34]],[[3260,4478],[28,-24],[-11,-26],[-24,-94],[2,-33],[22,-49],[15,-48],[2,-27]],[[3260,4478],[6,21],[6,8],[17,1],[14,-1],[8,0],[6,2],[0,10],[-15,13],[-10,1],[-8,2],[-1,6],[-2,11],[-6,3],[-10,1],[-10,5],[-5,9],[2,25],[17,25],[6,15],[0,8],[-4,7],[-3,3],[-6,14],[-3,13],[1,7],[0,16],[3,14],[10,6],[4,15],[0,10],[1,5],[9,-4],[7,-9],[12,-6],[9,1],[6,4],[8,5],[11,1],[11,-2],[11,-5],[11,-7],[5,3],[9,3],[27,-4],[8,0],[3,6],[5,4],[10,1],[16,-3],[6,-4],[5,-8],[5,-8],[6,-5],[13,-7],[8,0],[7,0],[8,2],[10,-2],[11,-6],[7,-6],[14,-2],[12,-1]],[[3568,4694],[9,-4],[6,-8],[6,-4],[7,-8],[2,-6],[-1,-12],[5,-10],[7,-6],[5,-4],[13,-17]],[[3627,4615],[-10,-23],[-7,-10],[-5,-8],[-7,-10],[-4,-8],[-5,-5],[-10,-2],[-4,-3],[0,-12],[1,-15],[7,-7],[3,-7],[-1,-10],[-3,-11],[-3,-9],[-6,-6],[-5,-4],[-1,-10],[0,-10],[-1,-11],[-7,-7],[-9,-5],[-7,-7],[-5,-16],[-6,-13],[-9,-11],[-10,-11],[-6,-14],[0,-10],[7,-7],[11,-8],[7,-4],[6,-6],[4,-9],[-1,-9],[0,-9],[2,-11],[0,-12],[6,-6],[3,-2],[18,3],[6,6],[5,2],[4,-2],[3,-5],[-3,-11],[-3,-8],[-4,-10],[-2,-7],[-6,-6],[-10,-1],[-4,-3],[-3,-13],[4,-5],[1,-6],[-1,-10],[1,-9],[-3,-8],[0,-5],[0,-12],[-2,-7],[-8,-3],[-7,-6],[-2,-7],[5,-8],[2,-4],[1,-8],[-2,-6],[-4,-6],[-2,-2],[-2,-14],[-3,-8],[-6,-6],[-5,-4],[-8,-3],[-3,-5],[-1,-5],[1,-10],[6,-59],[2,-12],[4,-7],[8,-6],[10,-8],[4,-4],[4,-6],[1,-10],[-3,-9],[-1,-14]],[[3627,4615],[17,5],[6,0],[11,-2],[10,-13],[2,-10],[0,-13],[-1,-14],[0,-11],[5,-7],[6,-2],[9,-7],[6,-8],[-1,-11],[-4,-5],[-11,-4],[-5,-3],[-1,-11],[0,-14],[6,-12],[5,-11],[6,-11],[9,-13],[6,-9],[5,-7],[5,-5],[5,-1],[5,7],[8,-2],[8,-5],[5,-4],[9,-4],[5,1],[10,5],[6,3],[6,1],[8,-3],[19,-15],[6,-8],[8,-4],[4,4],[3,9],[6,7],[7,7],[1,7],[3,7],[7,6],[7,9],[11,28],[5,8],[13,2],[7,-1],[7,4],[3,13],[1,5],[-1,8],[1,5],[5,0],[19,-5],[6,-5],[4,-6],[3,-5],[7,-3],[9,-3],[6,-4],[7,-7],[5,-12],[0,-26],[0,-10],[2,-7],[3,-5],[5,-5],[9,-3],[8,0],[5,2],[3,3],[4,4],[6,5],[4,0],[6,-4],[4,-4],[1,-10],[-1,-12],[-6,-18],[-4,-10],[-1,-11],[0,-7],[4,-6],[8,-7],[21,-16]],[[3568,4694],[8,11],[6,21],[-2,19],[-2,14],[-8,14],[-6,5],[-10,13],[-8,25],[-4,14],[-4,12],[-5,16],[0,13],[1,16],[1,26],[0,21],[-4,10],[1,16],[2,17],[-4,8],[-7,10]],[[3523,4995],[23,10],[11,6],[16,2],[12,0],[9,6],[4,7],[0,8],[7,1],[9,-5],[5,-5],[9,-2]],[[3628,5023],[2,1],[5,2],[15,-1],[10,-2],[11,-6],[5,-6],[9,-5],[11,-9],[5,-8],[2,-14],[12,-17],[5,-15],[13,-13],[9,-2],[18,-7],[12,-10],[0,-7],[2,-11],[9,-4],[10,1],[9,3],[16,-2],[4,-4],[3,-12],[2,-5],[13,0],[15,-6],[4,-6],[0,-17],[4,-17],[9,-10],[8,-6],[6,-12],[1,-12],[0,-7],[2,-5],[-4,-12],[-4,-11],[-1,-12],[-7,-11],[-3,-7],[0,-9],[2,-8],[3,-4],[15,-15],[-1,-8],[-2,-7],[-3,-3],[3,-15],[10,-19],[23,-12],[15,-7],[10,-5],[14,-4],[10,0],[13,-8],[1,-11],[4,-11],[12,-5],[29,-3],[17,4],[9,4],[3,8],[-6,9],[-6,7],[-3,11],[17,-7],[4,-3],[9,7],[1,7],[2,15],[0,6],[8,11],[7,5],[13,8],[9,9],[10,3],[9,-6],[13,-13],[10,-18],[23,-35],[8,-12],[10,-10],[4,-13],[0,-12],[2,-7],[5,-6],[0,-3],[10,-8],[3,-2],[-1,-5],[-6,-5],[-3,-10],[4,-5],[13,-5],[3,0],[7,-5],[3,-7],[2,-5]],[[4241,4477],[-20,-3],[-7,-7],[-5,-7],[-1,-12],[3,-10],[4,-7],[11,-11]],[[3034,5177],[25,-8],[30,-4],[27,9],[27,1]],[[3143,5175],[19,4],[5,3],[5,7],[2,8],[3,6],[8,3],[12,0],[12,-6],[3,-4],[7,-5],[8,4],[5,8],[6,8],[9,3],[8,0],[4,-7],[1,-9],[0,-9],[-1,-14],[2,-12],[6,-10],[7,-8],[15,-5],[13,0],[8,-5],[6,-8],[8,-11],[8,-4],[10,1],[8,7],[4,3],[5,-1],[9,-11],[-2,-10],[-8,-8],[-9,-8],[-5,-5],[-2,-6],[4,-12],[12,-15],[25,-13],[11,-9],[8,-9],[5,-4],[4,-10],[0,-6],[7,-5],[10,2],[3,5],[3,6],[1,18],[4,7],[5,5],[7,1],[5,-3],[2,-6],[4,-5],[9,-3],[6,-5],[8,-7],[9,-7],[29,-4]],[[3143,5294],[14,11],[13,38],[0,15],[5,15],[15,8],[-8,38],[-3,14],[-2,25],[-15,22],[7,19],[-7,35],[-11,34],[-33,47],[-13,38],[-5,64],[36,37],[4,14],[10,10],[25,13],[42,-8],[9,-14],[1,-19],[23,-15],[27,-8],[19,0],[2,-11],[22,4],[17,26],[51,56],[26,41],[20,13],[16,-7]],[[3450,5849],[11,-3],[4,-5],[5,-9],[1,-8],[-1,-10],[2,-6],[8,-9],[4,-2],[10,-2],[7,-2],[12,-5],[14,-11],[28,-18],[9,-9],[9,-12],[9,-12],[8,-13],[0,-13],[2,-11],[4,-6],[6,-5],[11,-8],[9,-7],[9,-9],[5,-14],[-2,-13],[11,-23],[25,-22],[10,-16],[5,-7],[5,-10],[4,-9],[6,-19],[4,-6],[1,-12],[-3,-7],[-13,-6],[-3,-10],[0,-12],[6,-12],[6,-3],[3,-4],[-5,-10],[-11,-23],[-6,-9],[-2,-11],[2,-5],[4,-9],[-5,-4],[-6,4],[-9,5],[-3,5],[-12,0],[-12,-3],[-9,-10],[-3,-12],[1,-18],[6,-11],[4,-5],[7,-15],[-5,-9],[-1,-9],[-3,-9],[-13,-7],[-9,-6],[-5,-9],[0,-9],[-5,-6],[-8,-8],[-4,-9],[7,-11],[6,0],[7,2],[7,1],[4,-1],[10,-8],[6,-7],[8,-13],[3,-7],[7,-3],[9,0],[11,-1],[4,-4],[-2,-4],[-11,-7],[-5,-6],[-8,-14],[-9,-11],[-10,-7],[-6,-9],[1,-14],[0,-7],[-3,-9],[-3,-17],[-1,-10],[1,-9],[7,-15],[-1,-23]],[[3143,5175],[-2,20],[-6,23],[0,7],[0,23],[11,13],[-4,22],[1,11]],[[3907,5845],[10,-19],[4,-44],[43,-38],[15,-18],[38,-14],[4,-13],[9,-30],[2,-39],[-3,-27],[-7,-31],[33,-63],[29,-38],[11,-28],[40,-55],[20,-32],[8,-32],[2,-38],[8,-24],[72,-107],[5,-15],[13,-6],[-10,-42],[5,-18],[0,-14],[30,4]],[[4288,5064],[26,-9],[13,-12],[36,26],[29,6],[47,-2],[135,4],[16,7],[22,6],[-5,-34],[-8,-20],[34,-16],[9,-23],[-5,-24],[22,-37],[-5,-22],[12,-21],[-2,-20],[22,-35],[6,-14],[10,-34],[0,-21],[5,-27],[1,-36],[13,-35]],[[4721,4671],[-11,-16],[-8,-6],[-8,-4],[-6,-9],[-11,-10],[-10,-3],[-10,-1],[-14,-1],[-8,-5],[-10,-10],[-13,-9],[-7,-2],[-12,0],[-18,0],[-15,-3],[-8,-7],[-8,-6],[-7,-6],[-18,0],[-21,1],[-16,-4],[-9,-4],[-8,-4],[-13,0],[-12,2],[-18,0],[-14,-8],[-6,-6],[-9,-6],[-6,-3],[-14,-1],[-17,-11],[-10,-7],[-17,0],[-15,-7],[-7,-6],[-16,-13],[-12,-3],[-8,0],[-8,-1],[-3,-3],[-19,-12]],[[3450,5849],[13,23],[16,4],[25,-3],[7,-26],[33,-25],[33,-33],[38,-17],[9,-8],[17,11],[11,12],[20,9],[28,4],[55,24],[46,8],[35,3],[21,-6],[23,3],[27,13]],[[4721,4671],[23,14],[3,-4],[4,-4],[31,-11],[24,-22],[34,-9],[46,-30],[31,-38],[62,-98],[-20,-30],[21,-110],[3,-39],[-7,-42],[-8,-21],[12,-45],[-4,-50],[-8,-28],[13,-38],[22,-30],[18,-28]],[[5206,6406],[-5,-20],[-2,-7],[-1,-12],[0,-7],[3,-8],[9,-12],[6,-9],[4,-6],[2,-9],[0,-7],[0,-7],[0,-10],[3,-10],[-1,-9],[-3,-13],[-8,-20],[-23,-31],[-30,-13],[-6,-2],[-11,0],[-10,-4],[-10,-7],[-8,-1],[-7,3],[-3,5],[0,7],[-6,5],[-11,1],[-9,-2],[-10,-4],[-13,-1],[-6,-7],[-1,-9],[0,-10],[-4,-5],[-11,1],[-11,1],[-5,2],[-12,-1],[-10,4],[-9,2],[-6,-1],[-8,-5],[-1,-12],[3,-12],[-6,-5],[-8,-2],[-4,-6],[-2,-7],[-2,-12],[-2,-13],[-5,-9],[-15,-12],[-15,-15],[-15,-12],[-11,-7],[-18,-1],[-10,3],[-5,2],[-10,-5],[-7,-10],[-2,-15],[0,-20],[0,-21],[-7,-29],[-10,-31],[-21,-45],[-8,-9],[-10,-8],[-8,-5],[-12,-4],[-9,-5],[-2,-7],[-2,-5],[-11,-4],[-9,-1],[-11,-1],[-9,-7],[0,-7],[-10,-10],[0,-12],[-2,-18],[-6,-17],[-11,-9],[-16,-8],[-6,-11],[-3,-13],[2,-31],[1,-18],[-4,-14],[-7,-8],[-6,-11],[-7,-8],[-9,-4],[-6,-7],[-6,-15],[-2,-13],[0,-16],[1,-11],[-6,-12],[-4,-6],[-8,-11],[-16,-4],[-15,-2],[-38,0],[-25,1],[-20,1],[-8,3],[-10,-4],[-4,-15],[0,-18],[-3,-12],[-7,-10],[-6,-7],[-8,-7],[-10,-1],[-26,0],[-18,2],[-9,-1],[-16,6],[-12,21],[0,8],[-24,41],[-4,16],[-6,16],[0,7],[-3,20],[5,8],[4,4],[5,10],[1,8],[-8,9],[-12,4],[-8,1],[-10,4],[-7,9],[-3,11],[-6,10],[-10,7],[-12,6],[-7,4],[-11,27],[-1,15],[-6,15],[-10,8],[-22,12],[-13,2],[-1,7],[-8,14],[-9,9],[-4,15],[-1,22],[0,18],[-9,24],[-19,31],[-11,6],[-4,8],[3,8],[-2,9],[-6,3],[-5,9],[-7,8],[-6,6],[-4,9],[0,11],[-1,13],[-7,8],[-8,6],[-9,4],[-5,5]],[[4052,6014],[-6,20],[-6,51],[5,50],[2,28],[13,33],[11,38],[14,26],[-13,15],[21,34],[9,12],[32,4],[14,17],[51,5],[24,32],[17,34],[-26,33],[-26,23],[-8,15],[4,18],[-1,15],[-7,14],[1,35],[4,14],[7,13],[8,17],[1,19],[-7,11],[-9,43],[4,12],[30,27],[9,15],[1,17],[-3,18],[-8,20],[14,31],[14,67],[7,15],[39,47],[8,25],[11,26]],[[4307,7003],[97,9],[17,14],[54,21],[47,28],[18,-7],[71,-33],[46,-10],[14,-31],[10,-11],[40,-24],[37,-29],[23,9],[13,3],[13,-4],[29,-20],[25,-23],[36,-15],[14,-24],[5,-22],[10,-1],[31,-27],[30,2],[9,-17],[32,-18],[11,-13],[12,-23],[-4,-16],[5,-9],[15,4],[18,-60],[10,-9],[5,-13],[-2,-18],[1,-20],[9,-20],[-5,-16],[2,-15],[-13,-15],[6,-14],[30,-58],[37,-34],[14,-1],[27,-17]],[[3681,7220],[49,22],[33,9],[22,3],[23,-11],[-2,-24],[-23,-25],[-12,-24],[-11,-28],[25,12],[28,-1],[24,-21],[0,-25],[-15,-32],[21,-11],[20,-4],[31,15],[18,13],[16,8],[15,-2],[0,-5],[-3,-49],[3,-23],[27,1],[26,11],[31,-4],[27,25],[14,-5],[21,5],[32,17],[53,15],[42,16],[35,18],[19,-14],[7,-10],[5,-19],[28,2],[6,-17],[2,-12],[-5,-31],[-6,-12]],[[4052,6014],[-124,2],[-4,-26],[-7,-20],[-11,-21],[12,-24],[-2,-23],[4,-44],[-13,-13]],[[3143,5294],[-9,4],[-7,6],[2,8],[4,5],[1,6],[-4,3],[-7,2],[-8,2],[-9,3],[-19,3],[-8,-1],[-9,2],[-9,3],[-7,5],[-5,6],[-7,1],[-5,-3],[-4,-6],[-7,-3],[-9,2],[-1,3],[-1,3],[-4,0],[-7,1],[-6,8],[-5,10],[-6,11],[-4,12],[0,15],[2,7],[7,4],[5,4],[5,7],[2,12],[-1,13],[2,34],[2,10],[-1,11],[-4,12],[-2,12],[-1,10],[-2,12],[-6,6],[-5,4],[-2,4],[5,5],[6,6],[4,7],[-1,12],[-5,11],[0,11],[0,7],[-6,8],[-7,6],[-6,5],[-38,16],[-32,30],[-8,12],[-2,13],[4,9],[5,7],[2,10],[-7,9],[-3,8],[4,9],[0,13],[0,12],[0,10],[0,8],[4,6],[1,9],[1,4],[-4,21]],[[6615,4921],[-33,-8],[8,-23],[-4,-23],[-9,-31],[-14,-16],[-59,19],[-52,0],[-34,-7],[-29,-25],[-27,0],[-34,19],[-15,15],[-4,-24],[-26,-14],[1,-27],[9,-59],[1,-24],[-16,-21]],[[4288,5064],[9,19],[8,11],[18,9],[11,5],[8,7],[5,8],[4,5],[5,3],[8,0],[6,0],[6,4],[3,5],[3,7],[5,5],[4,1],[7,-3],[8,-2],[9,2],[8,5],[7,6],[5,3],[28,5],[15,5],[12,0],[13,1],[9,1],[8,5],[2,11],[0,13],[-1,9],[-2,9],[-5,6],[-2,6],[-5,5],[-4,3],[-6,5],[-4,10],[-1,17],[-2,7],[-5,5],[0,9],[4,13],[1,7],[6,14],[4,10],[2,5],[9,-8],[1,-9],[1,-11],[7,-12],[10,-7],[11,-11],[9,-3],[10,-8],[15,-9],[15,-3],[15,-6],[12,-7],[14,-5],[18,-5],[10,0],[10,7],[8,9],[5,5],[20,14],[12,4],[8,7],[7,10],[12,4],[11,-6],[4,-6],[13,-1],[3,8],[3,7],[7,6],[11,-4],[14,0],[7,4],[10,3],[2,9],[-2,11],[0,22],[-1,8],[-4,6],[-1,11],[0,11],[9,8],[11,-1],[5,-5],[17,-3],[13,-6],[23,3],[5,7],[8,2],[8,-6],[5,2],[10,4],[0,10],[-1,10],[1,12],[7,9],[10,1],[2,-1],[2,9],[1,10],[9,10],[13,6],[15,-1],[17,-8],[4,-5],[12,-5],[8,4],[6,5],[1,6],[8,9],[7,2],[7,-4],[8,-13],[17,-14],[19,-8],[16,0],[13,-9],[8,-6],[11,0],[12,4],[9,-2],[5,-6],[4,-10],[7,-11],[14,-12],[8,-6],[10,-6],[17,-11],[5,-6],[1,-12],[5,-16],[15,-15],[20,-19],[20,-11],[18,-9],[12,-8],[9,-11],[3,-10],[3,-8],[14,-2],[10,1],[12,0],[16,-6],[13,-2],[15,-4],[10,-9],[11,-5],[18,-2],[15,0],[20,-7],[20,-2],[21,2],[22,0],[68,0],[17,3],[11,0],[16,0],[19,-3],[31,-1],[10,0],[11,-1],[7,-39],[18,14],[10,14],[13,9],[15,6],[13,2],[4,10],[-2,15],[1,8],[5,9],[15,1],[16,-5],[10,2],[12,5],[10,8],[9,1],[13,-5],[4,-19],[2,-7],[7,-7],[15,2],[5,-4],[1,-6],[8,-2],[29,-6],[15,-4],[6,-8],[2,-9],[1,-18],[9,-16],[12,-9],[11,-3],[12,0],[25,0],[54,0],[12,-4],[12,-6],[4,-11],[-1,-12],[-8,-10],[-12,-17],[-4,-6],[7,-9],[9,-2],[6,-5],[2,-11],[-2,-8],[2,-8],[11,-9],[8,-3],[3,-7],[-8,-19],[-4,-17],[5,-18],[10,-7],[15,-10],[6,-7],[0,-14],[-1,-7],[7,-9],[16,3],[7,1],[9,-9],[13,-1],[13,6],[10,4],[14,9],[18,11],[13,2],[19,-4],[17,-5],[13,-12],[11,-9],[21,5],[13,4],[12,-1],[21,-3],[24,10],[10,12],[7,9],[11,3],[12,2],[9,4],[5,11],[6,10],[5,7],[16,25]],[[6561,4998],[20,-32],[25,-21],[9,-24]],[[5206,6406],[15,-3],[18,9],[63,-45],[8,-30],[9,-7],[16,-2],[17,5],[33,-2],[36,8],[15,9],[6,13],[-2,15],[1,17],[8,32],[4,13],[15,12],[20,-8],[23,-1],[34,-13],[11,-20],[16,-18],[9,-13],[5,-16],[31,-6],[21,1],[8,20],[-5,27],[21,16],[15,17],[55,-46],[1,-27],[5,-18],[20,-26],[24,-6],[11,-14],[3,-11],[22,-5],[2,-2],[26,-23],[29,-22],[17,-7],[23,1],[18,-26],[18,-1],[37,-21],[4,-12],[17,-13],[1,-18],[9,-23],[18,-10],[5,-18],[10,-3],[8,-6],[20,-31],[14,-11],[39,-1],[34,-27],[22,-10],[41,-6],[29,-2],[4,-49],[6,-10],[20,-13],[10,-35],[15,-16],[7,-14],[0,-17],[-5,-22],[10,-12],[21,-12],[12,0],[38,-53],[-3,-7],[-43,-32],[27,-23],[19,-30],[27,-21],[2,-15],[-20,-24],[-23,-13],[-14,-15],[3,-22],[-24,-30],[-15,-32],[11,-29],[22,-31],[8,-37],[27,-33],[40,-34],[34,-6],[37,6],[49,-20],[33,-17],[28,-4],[-14,-15],[-41,-28],[-27,-55],[-5,-23],[15,-41],[15,-25],[-6,-17],[-1,-24],[3,-43]],[[6615,4921],[14,-11],[13,-24],[24,-11],[38,-36],[4,-22],[20,-5],[24,5],[19,-16],[28,-3],[17,6],[-2,27],[18,8],[10,69],[0,23],[25,0],[15,-9],[17,-6],[23,-1],[12,-7],[13,8],[28,-11],[23,-3],[12,-1],[16,2],[11,-17],[18,-14],[16,-20],[20,3],[39,42],[15,12],[8,15],[9,12],[50,3],[20,13],[-1,10],[-1,13],[9,24],[2,29],[13,20],[13,29],[-7,23],[12,12],[-3,16],[-28,25],[8,20],[16,9],[-10,17],[15,4],[28,-1],[18,9],[33,24],[23,2],[15,-3],[28,5],[11,-13],[28,-7],[38,1],[11,12],[39,20],[-4,20],[-16,36],[8,22],[-7,15],[9,20],[-1,13],[-8,30],[24,10],[10,12],[3,20],[19,17],[32,6],[27,-7],[116,4],[44,5],[42,-18],[49,-14],[5,28],[22,11],[84,-7],[11,-7],[14,19],[19,5],[23,24],[28,45],[54,-14],[37,-4],[20,-14],[40,-46],[19,4],[16,-9],[23,8],[19,-4],[16,3],[15,15],[-12,27],[14,15],[4,17],[-32,30],[-17,10],[-24,7],[-8,24],[-40,35],[2,23],[4,17],[14,18],[-2,37],[11,32],[14,31],[9,32],[9,14],[9,19],[15,9],[19,-1],[16,-6],[28,-16],[35,0],[5,-22],[8,5],[11,12],[45,12],[30,12],[26,18],[69,14],[37,-5],[25,4],[57,-3],[28,-7],[25,-20],[33,26],[26,15],[28,2],[27,6],[27,14],[18,15],[8,23],[1,19],[7,12],[8,0]],[[8971,6026],[4,-18],[13,-16],[2,-8],[2,-2],[5,-5],[0,-2],[3,-2],[41,-31],[18,-19],[2,-1],[2,-5],[2,-5],[6,-8],[4,-3],[5,-15],[1,0],[3,-3],[1,-5],[2,-18],[10,-9],[2,-2],[0,-3],[4,-2],[2,-5],[3,-2],[1,-2],[23,-17],[1,-2],[19,-13],[15,-14],[1,-3],[16,-14],[0,-3],[8,-7],[2,-5],[3,-10],[2,-1],[4,-4],[0,-3],[2,0],[1,-5],[0,-3],[3,-1],[1,-3],[17,-12],[7,1],[33,-2],[7,-2],[22,-6],[23,-4],[5,-2],[3,2],[0,-12],[-1,-6],[-1,-1],[-3,-12],[-24,-97],[-10,-32],[-15,-54],[-6,-17],[-14,-34],[-15,-19],[-3,0],[-6,-9],[-4,-5],[-2,-1],[-1,-2],[-1,-1],[-6,-6],[-1,-13],[-3,-2],[-3,-3],[-2,-5],[-1,-4],[6,-5],[0,-4],[1,-17],[-9,-29],[-2,-2],[-2,-3],[-7,-13],[-1,-3],[-1,-3],[-1,-6],[1,-22],[-2,-100],[-4,-32],[0,-2],[-4,-7],[-2,-1],[-4,-3],[-43,-27],[-5,-4],[-2,0],[0,-1],[-1,-3],[-2,0],[-17,-26],[-5,-10],[-1,-6],[-5,-21],[2,-47],[5,-24],[2,-2],[1,-8],[6,-17],[14,-15],[3,-3],[4,-12],[36,-11],[19,-7],[8,-4],[-2,-13],[-20,-23],[-5,-12],[-3,-4],[-7,-15],[-2,-13],[2,-1],[1,-1],[1,-6],[2,-2],[2,-1],[1,-5],[12,-7],[5,-10],[2,0],[2,-5],[13,-44],[9,-54],[10,-17],[3,-6],[4,-14],[2,-1],[1,-2],[2,-2],[11,-9],[23,-10],[2,1],[4,-2],[12,2],[3,-1],[30,5],[19,6],[5,2],[19,6],[2,-9],[2,-52],[10,-40],[5,-5],[2,-5],[0,-3],[3,-2],[5,-8],[9,-9],[2,-4],[5,-2],[-1,-2],[3,-2],[40,-32],[23,-12],[9,-9],[12,-12],[3,-4],[6,-5],[1,-2],[1,-3],[0,-3],[2,-2],[7,-16],[2,-2],[-1,-16],[-10,-29],[-9,-16],[-2,-1],[-3,-6],[-11,-11],[-3,-5],[-9,-9],[-3,-2],[-3,-4],[-2,-4],[-3,-7],[-3,-2],[-2,-1],[-1,-2],[-12,-15],[-23,-26],[-17,-9],[-20,-8],[-49,-21],[0,-2],[-13,-10],[-7,-17],[-10,-14],[-23,-17],[-10,-4],[-49,-12],[-25,-13],[-7,-14],[-6,-23],[-2,-2],[-2,0],[-1,-3],[-20,-18],[-5,-10],[0,-10],[4,-12],[21,-25],[3,-14],[0,-58],[1,-8],[8,-3],[13,7],[60,16],[8,1],[4,1],[3,-1],[7,-6],[9,-29],[18,-14],[2,-3],[0,-3],[13,-8],[1,-1],[1,-3],[5,-2],[10,-6],[5,-6],[3,-4],[15,-11],[3,-4],[36,-23],[9,-9],[4,-13],[1,-15],[-3,-18],[-2,-32],[-9,-45],[-8,-8],[-18,-9],[-5,-4],[0,-3],[-2,-2],[-14,-14],[-1,-15],[1,-4],[4,1],[12,-4],[37,-13],[22,-9],[18,-5],[10,-5],[16,-9],[13,-14],[-1,-3],[17,-8],[2,1],[8,-20],[12,-11],[2,-5],[0,-2],[3,-4],[5,-17],[2,-1],[6,-35],[0,-13],[-7,-20],[-18,-22],[-8,-22],[1,-8],[12,-4],[5,1],[9,-2],[2,-1],[4,-3],[16,-12],[9,-6],[2,-5],[4,-3],[0,-3],[3,-3],[1,-2],[4,-3],[0,-3],[2,0],[13,-11],[7,-16],[2,-1],[0,-2],[8,-8],[1,-3],[1,-2],[8,-8],[7,-36],[2,0],[1,-6],[2,-1],[20,-57],[2,-1],[2,-7],[15,-14],[2,-1],[12,-4],[51,-21],[-3,-32],[12,-57],[17,-30],[12,-8],[45,-2],[0,-11],[-5,-16],[8,-32],[17,-16],[9,-14],[4,-12],[20,-13],[23,-11],[16,-2],[7,-9],[10,-3],[8,-15],[8,-28],[1,-54],[-6,-15],[7,-17],[20,-17],[6,-1],[7,-12],[5,-22],[17,-47],[0,-5],[0,-3],[-17,6],[-18,-2],[-56,-5],[-29,-16],[-10,-9],[-31,-12],[-13,1],[-14,6],[-36,1],[-23,31],[-14,0],[-12,-3],[-10,-12],[-3,-16],[-8,-7],[-18,1],[-19,-6],[-12,-2],[-25,12],[-27,18],[-31,48],[-22,6],[-19,9],[-26,20],[-13,25],[-18,13],[-8,24],[-17,34],[5,20],[-33,31],[-9,15],[1,22],[9,18],[6,19],[-9,11],[-15,9],[-18,-2],[-53,-26],[-18,-5],[-21,-5],[-24,-1],[-85,8],[-22,-1],[-16,-6],[-20,5],[-16,-1],[-57,24],[-31,-3],[-17,2],[-27,-19],[-9,-11],[-6,27],[-22,21],[-6,39],[-5,8],[-18,0],[-33,12],[-11,7],[-10,13],[-28,16],[-15,2],[-34,-8],[-13,2],[-38,-4],[-14,-15],[-16,-8],[-18,-31],[-39,-42],[-68,-11],[-81,1],[-28,2],[-21,-5],[-8,29],[-2,32],[-28,24],[-39,57],[-36,19],[-14,22],[-23,13],[-15,-31],[-27,-9],[-23,-3],[-18,19],[5,32],[-20,26],[-9,16],[-6,25],[-23,-8],[-13,31],[-17,7],[-21,3],[-26,-3],[-34,-10],[-28,3],[-29,-12],[-31,4],[-24,7]],[[3308,9730],[2,21],[11,27],[22,16],[10,24],[15,20],[16,35],[11,17],[7,52],[-14,12],[-7,15],[0,7],[4,4],[9,9],[11,4],[43,6],[21,-7],[34,-43],[17,-16],[11,-1],[8,28],[14,11],[10,4],[13,0],[19,-7],[2,-13],[-17,-18],[-15,-22],[-14,-30],[-6,-26],[18,-10],[5,-24],[-45,-42],[10,-31],[-4,-9],[-14,-16],[-7,-16],[3,-13],[9,-12],[-2,-16],[6,-20],[18,-25],[16,-8],[7,-14],[17,-3],[18,-12],[-3,-21],[27,-18],[-9,-21],[15,-18],[15,-10],[24,-2],[23,17],[24,14],[25,-21],[1,-24],[22,-34],[28,-8],[2,-13],[-12,-24],[0,-13],[16,-18],[2,-16],[10,-24],[30,-48],[9,-21],[4,-19],[8,-18],[20,-16],[25,-2],[46,-34],[25,-5],[16,-10],[4,-14],[9,-9],[42,-20],[18,-19],[13,-11],[8,-1],[13,-10],[37,14],[26,-5],[13,18],[32,10],[50,-30],[18,-16],[22,-2],[17,-32],[9,-10],[28,1],[38,15],[17,34],[27,-11],[23,-4],[22,4],[26,-11],[-2,-21],[-4,-18],[4,-17],[-1,-13],[3,-11],[29,-4],[0,-48],[8,-5],[-1,-12],[-4,-12],[11,-50],[-13,-21],[33,-3],[9,10],[3,18],[6,14],[9,11],[21,10],[23,-54],[21,-18],[46,-13],[40,-31],[30,-5],[3,-31],[-5,-10],[-10,-4],[2,-10],[9,-10],[25,-16],[5,-12],[3,-13],[25,-1],[32,41],[34,-34],[13,-23],[20,-14],[22,-11],[27,6],[21,0],[22,-27],[-4,-30],[16,-27],[12,-6],[3,-20],[19,-8],[23,-3],[14,6],[23,2],[23,15],[9,45],[7,16],[2,14],[-8,17],[-3,17],[2,11],[10,14],[24,14],[24,48],[23,16],[24,7],[5,-1],[5,-11],[12,-8],[21,-11],[22,4],[23,16],[17,-27],[3,-19],[12,-16],[35,-14],[20,1],[53,60],[33,28],[29,-17],[35,6],[14,8],[25,8],[21,17],[24,36],[28,33],[14,6],[13,-1],[46,31],[29,36],[4,10],[2,16],[6,16],[8,-13],[20,6],[38,3],[13,0],[7,-3],[12,10],[18,2],[44,41],[15,6],[19,2],[10,4],[9,23],[10,11],[9,25],[7,35],[16,1],[21,-19],[4,-10],[34,6],[12,-5],[5,-16],[10,-14],[11,-10],[13,4],[12,16],[32,-26],[12,-23],[27,-33],[25,-7],[7,-13],[1,-9],[35,-42],[54,-39],[11,-20],[25,-16],[7,-25],[-16,-23],[-42,-3],[-20,-38],[-13,-54],[19,-22],[24,-13],[15,-1],[20,-15],[12,-2],[21,-11],[27,-34],[18,1],[13,8],[19,6],[18,-17],[48,-22],[14,-11],[7,-14],[19,-17],[7,-16],[2,-18],[14,-21],[-6,-35],[15,-14],[12,-21],[14,-16],[19,-1],[10,-2],[25,4],[12,-9],[16,-2],[10,-17],[8,-4],[5,-11],[3,-20],[-2,-18],[-8,-26],[0,-10],[-7,-18],[11,-10],[8,-10],[-18,-18],[-8,-15],[-3,-17],[-6,-15],[-2,-31],[-9,-18],[2,-18],[23,-17],[27,-30],[18,-44],[2,-14],[16,-22],[19,-28],[22,-18],[18,-8],[8,-19],[-3,-31],[16,-18],[7,-24],[17,-20],[21,-40],[5,-15],[17,-19],[13,6],[89,-1],[29,6],[25,12],[16,26],[0,21],[-14,19],[-6,16],[-6,45],[0,18],[4,7],[30,-23],[43,-14],[19,0],[6,4],[16,67],[18,29],[27,25],[15,9],[17,-8],[22,-35],[27,-24],[16,0],[15,24],[12,38],[15,36],[25,23],[23,9],[18,1],[35,-6],[26,-23],[13,-23],[32,13],[20,-7],[33,15],[35,23],[24,29],[10,38],[66,30],[40,1],[36,14],[32,22],[8,24],[-1,18],[-10,23],[-20,22],[77,40],[91,52],[57,-1],[20,-3],[5,-6],[-7,-50],[2,-42],[10,-38],[9,-12],[-31,-68],[-11,-49],[-2,-47],[21,-116],[15,-30],[37,-21],[-35,-30],[-107,-77],[-26,-29],[-40,-17],[-46,-7],[-17,-4],[6,-167],[-12,-23],[-47,-52],[83,-104],[12,-6],[131,133],[58,48],[16,14],[37,-5],[10,-5],[4,-3],[4,-9],[4,-19],[12,-11],[0,-3],[11,-6],[1,-2],[17,-4],[32,4],[19,-7],[12,-9],[2,-2],[6,-6],[5,-8],[2,-9],[9,-5],[4,-4],[9,-20],[3,-8],[0,-3],[-1,-7],[-1,-3],[-6,-15],[-13,-15],[-12,-24],[-4,-18],[-1,-12],[3,-12],[2,0],[0,-4],[3,-4],[0,-2],[10,-6],[5,-1],[9,-3],[26,-10],[22,-9],[13,-10],[2,-7],[2,-1],[2,0],[0,-2],[1,-1],[7,-16],[2,-2],[1,0],[4,-14],[2,-2],[4,-5],[0,-3],[5,-4],[0,-5],[4,-3],[1,-3],[16,-3],[11,1],[46,4],[26,-9],[9,-6],[13,-12],[-4,-19],[-2,-2],[-34,-34],[-3,-4],[-6,-5],[-1,-1],[-12,-17],[-5,-16],[-5,-48],[-6,-14],[-20,-20],[-3,-3],[-3,-3],[-45,-29],[-9,-17],[-2,-3],[-3,-9],[-5,-24],[-2,-20],[2,-1],[11,-58],[2,-29],[6,-72],[-2,-28],[-5,-22],[-5,-6],[-11,-19],[-2,-6],[-6,-4],[-7,-13],[-3,-2],[-6,-6],[-1,-2],[-6,-11],[-4,-4],[-5,-5],[-1,-2],[-10,-12],[-2,-1],[-5,-12],[0,-6],[22,-2],[4,0],[33,-1],[3,-1],[12,3],[56,-10],[55,10],[13,8],[24,6],[19,3],[1,0],[9,1],[35,-2],[12,1],[11,-4],[57,-40],[35,-20],[56,-44],[1,-4],[3,-2],[3,-1],[0,-3],[0,-16],[-12,-26],[-1,-23],[2,0],[9,-31],[-1,-22],[-5,-9],[-8,-21],[-2,-9],[-10,-9],[-4,-1],[-18,-11],[0,-2],[-2,0],[-8,-12],[-1,-11],[2,-3],[3,0],[1,-4],[11,-7],[25,-25],[2,-5],[2,-1],[1,-11],[4,-4],[4,-5],[5,-15],[1,-13],[6,-30],[2,-1],[1,-4],[5,-4],[1,-1],[20,-10],[11,1],[18,-7],[1,1],[2,1],[34,-4],[33,-10],[24,-17],[2,-2],[2,-5],[2,-23],[4,-18]]],"transform":{"scale":[0.0003401440144014401,0.00028581858185818595],"translate":[75.615,30.378]},"bbox":[75.615,30.378,79.0161,33.2359]}